CASEID,FUELTYPE,WEATHER,SURFCOND,VIN,DVTOTAL,ROLLOVER,SPEEDLIMIT,BODYTYPE,PASSENGERS,BELTED_PASSENGERS,GAD1,AIRBAG_DEPLOYED,FIRE
2400023,1,1,1,1N6AA1ED2MN5,25,1,56,3,2,2,F,1,1
2400024,1,2,2,WDDSJ4EBXGN3,25,1,80,1,2,2,F,1,1
2400030,1,4,3,5FNYF6H03LB0,999,2,129,2,5,5,R,1,1
2400035,1,1,1,5TFCZ5AN5HX1,999,1,89,3,1,1,F,1,1
2400042,1,2,2,1N4AA6AP4GC4,999,1,113,1,1,0,9,0,1
2400045,1,1,1,JF2SJARCXJH5,999,1,48,2,1,1,F,2,1
2400062,1,1,1,1G1ZH5SX4GF3,999,1,89,1,1,1,F,2,1
2400074,1,1,2,2HGFC2F73GH5,999,1,105,1,2,2,L,1,1
2400090,1,1,1,5GAEVAKW1MJ2,999,1,40,2,3,3,F,1,1
2400103,1,4,3,5N1AT2MT6FC7,999,1,105,1,1,0,U,2,1
2400105,1,1,1,1HGCY1F38PA0,999,1,105,1,1,1,F,2,1
2400107,1,4,3,2T1BURHE7FC3,22,1,121,1,2,2,F,2,1
2400124,1,1,1,3N1AB8CV9MY2,999,1,105,1,1,1,R,2,1
2400165,1,4,5,5TFLA5DB1NX0,18,1,113,3,3,3,F,2,1
2400167,1,8,4,3N1CP5CV3NL5,999,1,129,1,1,1,F,2,1
2400169,1,1,1,1GNDV23168D2,999,2,121,4,1,0,L,2,1
2400179,1,4,5,1GCEK14R2WZ1,999,2,89,3,1,0,T,2,1
2400187,1,1,3,KMHLL4DG2RU6,999,1,113,1,2,0,U,2,1
2400217,1,1,1,3FAHP0HA3CR4,999,1,113,1,1,1,F,1,1
2400227,1,4,3,1GNEC13T31R1,999,2,113,2,1,0,R,1,1
2400236,1,1,1,LYV402TK6HB1,999,1,56,1,1,1,F,2,1
2400238,1,4,3,5N1AR2MM7FC6,17,1,40,2,1,1,F,1,1
2400238,1,4,3,5N1AR2MM7FC6,17,1,40,2,1,1,F,1,1
2400238,1,4,3,5N1AR2MM7FC6,17,1,999,2,1,1,F,1,1
2400238,1,4,3,5N1AR2MM7FC6,17,1,999,2,1,1,F,1,1
2400238,1,4,3,5N1AR2MM7FC6,17,0,40,2,1,1,F,1,1
2400238,1,4,3,5N1AR2MM7FC6,17,0,40,2,1,1,F,1,1
2400238,1,4,3,5N1AR2MM7FC6,17,0,999,2,1,1,F,1,1
2400238,1,4,3,5N1AR2MM7FC6,17,0,999,2,1,1,F,1,1
2400238,1,4,3,5N1AR2MM7FC6,999,1,40,2,1,1,F,1,1
2400238,1,4,3,5N1AR2MM7FC6,999,1,40,2,1,1,F,1,1
2400238,1,4,3,5N1AR2MM7FC6,999,1,999,2,1,1,F,1,1
2400238,1,4,3,5N1AR2MM7FC6,999,1,999,2,1,1,F,1,1
2400238,1,4,3,5N1AR2MM7FC6,999,0,40,2,1,1,F,1,1
2400238,1,4,3,5N1AR2MM7FC6,999,0,40,2,1,1,F,1,1
2400238,1,4,3,5N1AR2MM7FC6,999,0,999,2,1,1,F,1,1
2400238,1,4,3,5N1AR2MM7FC6,999,0,999,2,1,1,F,1,1
2400238,1,4,3,5J6RM4H45GL1,17,1,40,2,1,1,F,1,1
2400238,1,4,3,5J6RM4H45GL1,17,1,40,2,1,1,F,1,1
2400238,1,4,3,5J6RM4H45GL1,17,1,999,2,1,1,F,1,1
2400238,1,4,3,5J6RM4H45GL1,17,1,999,2,1,1,F,1,1
2400238,1,4,3,5J6RM4H45GL1,17,0,40,2,1,1,F,1,1
2400238,1,4,3,5J6RM4H45GL1,17,0,40,2,1,1,F,1,1
2400238,1,4,3,5J6RM4H45GL1,17,0,999,2,1,1,F,1,1
2400238,1,4,3,5J6RM4H45GL1,17,0,999,2,1,1,F,1,1
2400238,1,4,3,5J6RM4H45GL1,999,1,40,2,1,1,F,1,1
2400238,1,4,3,5J6RM4H45GL1,999,1,40,2,1,1,F,1,1
2400238,1,4,3,5J6RM4H45GL1,999,1,999,2,1,1,F,1,1
2400238,1,4,3,5J6RM4H45GL1,999,1,999,2,1,1,F,1,1
2400238,1,4,3,5J6RM4H45GL1,999,0,40,2,1,1,F,1,1
2400238,1,4,3,5J6RM4H45GL1,999,0,40,2,1,1,F,1,1
2400238,1,4,3,5J6RM4H45GL1,999,0,999,2,1,1,F,1,1
2400238,1,4,3,5J6RM4H45GL1,999,0,999,2,1,1,F,1,1
2400249,1,4,5,5J6RT6H84NL0,999,1,40,2,3,2,F,2,1
2400249,11,4,5,5J6RT6H84NL0,999,1,40,2,3,2,F,2,1
2400261,1,1,1,KNDPMCAC5M78,999,1,48,2,1,1,F,2,1
2400271,1,1,5,1G4HD57286U2,999,1,56,1,1,0,F,1,1
2400276,1,8,1,3MVDMBCM4PM5,24,1,113,2,1,1,F,1,1
2400279,1,1,1,1J4HA5H14BL5,38,1,72,2,1,0,F,1,1
2400287,1,1,1,5YFBURHE1GP5,32,1,72,1,1,0,F,1,1
2400291,1,2,2,3FAHP08Z68R2,21,1,97,1,1,1,L,1,1
2400298,1,1,1,1N4AL2AP1BN4,999,1,89,1,1,1,F,1,1
2400301,1,2,2,3FA6P0H70GR2,999,1,89,1,1,0,R,2,1
2400305,1,1,1,1FTEW1E81PFB,999,1,80,3,1,1,F,2,1
2400306,1,3,2,KM8J3CAL2MU3,999,1,72,2,1,1,F,2,1
2400308,1,1,1,3GKALVEX4KL2,999,1,89,2,1,1,F,2,1
2400312,1,2,2,1C3CCCAB3GN1,999,1,64,1,1,1,L,1,1
2400313,1,10,5,1G1AK55F0677,999,2,113,1,1,0,T,2,1
2400325,1,1,1,1FTEW1E89PFB,999,1,121,3,1,0,F,1,1
2400351,1,2,2,5NPE34AF9FH2,999,1,105,1,1,0,F,1,1
2400353,1,10,5,2HGFA1F54AH3,6,1,89,1,1,0,R,2,1
2400366,1,1,1,1G1JC5SH8D42,63,1,64,1,1,0,F,1,1
2400371,1,1,5,4S4WMAPD7L34,11,1,89,2,1,1,F,1,1
2400381,1,8,5,JA4MT31H3YP0,999,1,72,2,1,0,N,2,2
2400382,1,1,5,4S3BK6354S73,17,1,40,1,1,0,F,2,1
2400382,1,1,5,4S3BK6354S73,17,1,40,3,1,0,F,2,1
2400382,1,1,5,4S3BK6354S73,17,1,999,1,1,0,F,2,1
2400382,1,1,5,4S3BK6354S73,17,1,999,3,1,0,F,2,1
2400382,1,1,5,4S3BK6354S73,17,0,40,1,1,0,F,2,1
2400382,1,1,5,4S3BK6354S73,17,0,40,3,1,0,F,2,1
2400382,1,1,5,4S3BK6354S73,17,0,999,1,1,0,F,2,1
2400382,1,1,5,4S3BK6354S73,17,0,999,3,1,0,F,2,1
2400382,1,1,5,4S3BK6354S73,999,1,40,1,1,0,F,2,1
2400382,1,1,5,4S3BK6354S73,999,1,40,3,1,0,F,2,1
2400382,1,1,5,4S3BK6354S73,999,1,999,1,1,0,F,2,1
2400382,1,1,5,4S3BK6354S73,999,1,999,3,1,0,F,2,1
2400382,1,1,5,4S3BK6354S73,999,0,40,1,1,0,F,2,1
2400382,1,1,5,4S3BK6354S73,999,0,40,3,1,0,F,2,1
2400382,1,1,5,4S3BK6354S73,999,0,999,1,1,0,F,2,1
2400382,1,1,5,4S3BK6354S73,999,0,999,3,1,0,F,2,1
2400382,1,1,5,5TFUM5F1XCX0,17,1,40,1,1,0,F,2,1
2400382,1,1,5,5TFUM5F1XCX0,17,1,40,3,1,0,F,2,1
2400382,1,1,5,5TFUM5F1XCX0,17,1,999,1,1,0,F,2,1
2400382,1,1,5,5TFUM5F1XCX0,17,1,999,3,1,0,F,2,1
2400382,1,1,5,5TFUM5F1XCX0,17,0,40,1,1,0,F,2,1
2400382,1,1,5,5TFUM5F1XCX0,17,0,40,3,1,0,F,2,1
2400382,1,1,5,5TFUM5F1XCX0,17,0,999,1,1,0,F,2,1
2400382,1,1,5,5TFUM5F1XCX0,17,0,999,3,1,0,F,2,1
2400382,1,1,5,5TFUM5F1XCX0,999,1,40,1,1,0,F,2,1
2400382,1,1,5,5TFUM5F1XCX0,999,1,40,3,1,0,F,2,1
2400382,1,1,5,5TFUM5F1XCX0,999,1,999,1,1,0,F,2,1
2400382,1,1,5,5TFUM5F1XCX0,999,1,999,3,1,0,F,2,1
2400382,1,1,5,5TFUM5F1XCX0,999,0,40,1,1,0,F,2,1
2400382,1,1,5,5TFUM5F1XCX0,999,0,40,3,1,0,F,2,1
2400382,1,1,5,5TFUM5F1XCX0,999,0,999,1,1,0,F,2,1
2400382,1,1,5,5TFUM5F1XCX0,999,0,999,3,1,0,F,2,1
2400383,1,1,5,5XYZTDLB9HG4,14,1,40,2,2,2,F,2,1
2400383,1,1,5,5XYZTDLB9HG4,14,1,40,3,2,2,F,2,1
2400383,1,1,5,5XYZTDLB9HG4,14,1,999,2,2,2,F,2,1
2400383,1,1,5,5XYZTDLB9HG4,14,1,999,3,2,2,F,2,1
2400383,1,1,5,5XYZTDLB9HG4,14,0,40,2,2,2,F,2,1
2400383,1,1,5,5XYZTDLB9HG4,14,0,40,3,2,2,F,2,1
2400383,1,1,5,5XYZTDLB9HG4,14,0,999,2,2,2,F,2,1
2400383,1,1,5,5XYZTDLB9HG4,14,0,999,3,2,2,F,2,1
2400383,1,1,5,5XYZTDLB9HG4,999,1,40,2,2,2,F,2,1
2400383,1,1,5,5XYZTDLB9HG4,999,1,40,3,2,2,F,2,1
2400383,1,1,5,5XYZTDLB9HG4,999,1,999,2,2,2,F,2,1
2400383,1,1,5,5XYZTDLB9HG4,999,1,999,3,2,2,F,2,1
2400383,1,1,5,5XYZTDLB9HG4,999,0,40,2,2,2,F,2,1
2400383,1,1,5,5XYZTDLB9HG4,999,0,40,3,2,2,F,2,1
2400383,1,1,5,5XYZTDLB9HG4,999,0,999,2,2,2,F,2,1
2400383,1,1,5,5XYZTDLB9HG4,999,0,999,3,2,2,F,2,1
2400383,1,1,5,5TFPX4EN5CX0,14,1,40,2,2,2,F,2,1
2400383,1,1,5,5TFPX4EN5CX0,14,1,40,3,2,2,F,2,1
2400383,1,1,5,5TFPX4EN5CX0,14,1,999,2,2,2,F,2,1
2400383,1,1,5,5TFPX4EN5CX0,14,1,999,3,2,2,F,2,1
2400383,1,1,5,5TFPX4EN5CX0,14,0,40,2,2,2,F,2,1
2400383,1,1,5,5TFPX4EN5CX0,14,0,40,3,2,2,F,2,1
2400383,1,1,5,5TFPX4EN5CX0,14,0,999,2,2,2,F,2,1
2400383,1,1,5,5TFPX4EN5CX0,14,0,999,3,2,2,F,2,1
2400383,1,1,5,5TFPX4EN5CX0,999,1,40,2,2,2,F,2,1
2400383,1,1,5,5TFPX4EN5CX0,999,1,40,3,2,2,F,2,1
2400383,1,1,5,5TFPX4EN5CX0,999,1,999,2,2,2,F,2,1
2400383,1,1,5,5TFPX4EN5CX0,999,1,999,3,2,2,F,2,1
2400383,1,1,5,5TFPX4EN5CX0,999,0,40,2,2,2,F,2,1
2400383,1,1,5,5TFPX4EN5CX0,999,0,40,3,2,2,F,2,1
2400383,1,1,5,5TFPX4EN5CX0,999,0,999,2,2,2,F,2,1
2400383,1,1,5,5TFPX4EN5CX0,999,0,999,3,2,2,F,2,1
2400400,1,1,2,2HGEH2350RH5,999,2,121,1,2,2,T,0,1
2400402,1,8,1,1FMJK2AT6HEA,999,1,89,2,1,1,F,1,1
2400403,2,1,1,1G4GC5E3XDF3,999,1,89,1,2,2,F,2,1
2400406,1,1,1,5XYP3DHC7NG2,14,1,56,2,1,1,F,1,1
2400406,1,1,1,5XYP3DHC7NG2,14,1,56,3,1,1,F,1,1
2400406,1,1,1,5XYP3DHC7NG2,14,1,999,2,1,1,F,1,1
2400406,1,1,1,5XYP3DHC7NG2,14,1,999,3,1,1,F,1,1
2400406,1,1,1,5XYP3DHC7NG2,14,0,56,2,1,1,F,1,1
2400406,1,1,1,5XYP3DHC7NG2,14,0,56,3,1,1,F,1,1
2400406,1,1,1,5XYP3DHC7NG2,14,0,999,2,1,1,F,1,1
2400406,1,1,1,5XYP3DHC7NG2,14,0,999,3,1,1,F,1,1
2400406,1,1,1,5XYP3DHC7NG2,999,1,56,2,1,1,F,1,1
2400406,1,1,1,5XYP3DHC7NG2,999,1,56,3,1,1,F,1,1
2400406,1,1,1,5XYP3DHC7NG2,999,1,999,2,1,1,F,1,1
2400406,1,1,1,5XYP3DHC7NG2,999,1,999,3,1,1,F,1,1
2400406,1,1,1,5XYP3DHC7NG2,999,0,56,2,1,1,F,1,1
2400406,1,1,1,5XYP3DHC7NG2,999,0,56,3,1,1,F,1,1
2400406,1,1,1,5XYP3DHC7NG2,999,0,999,2,1,1,F,1,1
2400406,1,1,1,5XYP3DHC7NG2,999,0,999,3,1,1,F,1,1
2400406,1,1,1,1FTFW1EF9EKF,14,1,56,2,1,1,F,1,1
2400406,1,1,1,1FTFW1EF9EKF,14,1,56,3,1,1,F,1,1
2400406,1,1,1,1FTFW1EF9EKF,14,1,999,2,1,1,F,1,1
2400406,1,1,1,1FTFW1EF9EKF,14,1,999,3,1,1,F,1,1
2400406,1,1,1,1FTFW1EF9EKF,14,0,56,2,1,1,F,1,1
2400406,1,1,1,1FTFW1EF9EKF,14,0,56,3,1,1,F,1,1
2400406,1,1,1,1FTFW1EF9EKF,14,0,999,2,1,1,F,1,1
2400406,1,1,1,1FTFW1EF9EKF,14,0,999,3,1,1,F,1,1
2400406,1,1,1,1FTFW1EF9EKF,999,1,56,2,1,1,F,1,1
2400406,1,1,1,1FTFW1EF9EKF,999,1,56,3,1,1,F,1,1
2400406,1,1,1,1FTFW1EF9EKF,999,1,999,2,1,1,F,1,1
2400406,1,1,1,1FTFW1EF9EKF,999,1,999,3,1,1,F,1,1
2400406,1,1,1,1FTFW1EF9EKF,999,0,56,2,1,1,F,1,1
2400406,1,1,1,1FTFW1EF9EKF,999,0,56,3,1,1,F,1,1
2400406,1,1,1,1FTFW1EF9EKF,999,0,999,2,1,1,F,1,1
2400406,1,1,1,1FTFW1EF9EKF,999,0,999,3,1,1,F,1,1
2400408,1,1,3,2GNALCEK3G62,31,1,80,2,1,1,F,1,1
2400410,1,1,1,JTDKN3DU5B13,999,2,89,1,1,1,T,1,1
2400425,1,1,1,2T1BU4EE7AC2,46,1,80,1,4,2,F,1,1
2400429,1,1,1,3GNCJLSB4KL2,999,1,97,2,1,1,F,1,1
2400430,1,8,2,1MEFM50U8YA6,999,1,48,1,1,0,F,1,1
2400440,1,2,5,2C4GP44302R6,999,2,129,4,6,4,T,2,1
2400444,1,8,2,3N1CP5CV0PL5,999,1,89,1,2,1,F,1,1
2400451,1,1,1,1C4PJLCB9FW5,999,1,40,2,1,0,F,2,1
2400452,1,2,2,1YVFP80C455M,38,1,89,1,1,0,F,2,1
2400483,4,2,2,3C6UR5DL2JG3,999,2,97,3,2,1,T,1,1
2400524,1,1,1,1FMCU94GX9KA,999,1,113,2,1,1,F,2,1
2400537,1,1,1,1G1JD5SH6J41,999,1,64,1,2,2,F,2,1
2400540,1,1,1,5XXGW4L29KG3,999,1,89,1,1,1,F,2,1
2400550,1,1,1,KNDMB5C14H62,999,1,89,4,2,0,F,2,1
2400565,1,1,1,KL4MMESL9PB0,999,1,121,2,1,1,F,1,1
2400569,1,1,1,5N1DR2BM8LC6,999,1,89,2,1,1,F,2,1
2400573,1,1,1,1C4NJRFB2FD2,999,1,64,2,1,0,F,1,1
2400573,1,1,1,1C4NJRFB2FD2,999,1,64,66,1,0,F,1,1
2400573,1,1,1,1C4NJRFB2FD2,999,1,999,2,1,0,F,1,1
2400573,1,1,1,1C4NJRFB2FD2,999,1,999,66,1,0,F,1,1
2400573,1,1,1,1C4NJRFB2FD2,999,0,64,2,1,0,F,1,1
2400573,1,1,1,1C4NJRFB2FD2,999,0,64,66,1,0,F,1,1
2400573,1,1,1,1C4NJRFB2FD2,999,0,999,2,1,0,F,1,1
2400573,1,1,1,1C4NJRFB2FD2,999,0,999,66,1,0,F,1,1
2400573,1,1,1,1C4NJRFB2FD2,999,1,64,2,1,0,F,1,1
2400573,1,1,1,1C4NJRFB2FD2,999,1,64,66,1,0,F,1,1
2400573,1,1,1,1C4NJRFB2FD2,999,1,999,2,1,0,F,1,1
2400573,1,1,1,1C4NJRFB2FD2,999,1,999,66,1,0,F,1,1
2400573,1,1,1,1C4NJRFB2FD2,999,0,64,2,1,0,F,1,1
2400573,1,1,1,1C4NJRFB2FD2,999,0,64,66,1,0,F,1,1
2400573,1,1,1,1C4NJRFB2FD2,999,0,999,2,1,0,F,1,1
2400573,1,1,1,1C4NJRFB2FD2,999,0,999,66,1,0,F,1,1
2400573,1,1,1,1XKWDB9XX4J0,999,1,64,2,1,0,F,1,1
2400573,1,1,1,1XKWDB9XX4J0,999,1,64,66,1,0,F,1,1
2400573,1,1,1,1XKWDB9XX4J0,999,1,999,2,1,0,F,1,1
2400573,1,1,1,1XKWDB9XX4J0,999,1,999,66,1,0,F,1,1
2400573,1,1,1,1XKWDB9XX4J0,999,0,64,2,1,0,F,1,1
2400573,1,1,1,1XKWDB9XX4J0,999,0,64,66,1,0,F,1,1
2400573,1,1,1,1XKWDB9XX4J0,999,0,999,2,1,0,F,1,1
2400573,1,1,1,1XKWDB9XX4J0,999,0,999,66,1,0,F,1,1
2400573,1,1,1,1XKWDB9XX4J0,999,1,64,2,1,0,F,1,1
2400573,1,1,1,1XKWDB9XX4J0,999,1,64,66,1,0,F,1,1
2400573,1,1,1,1XKWDB9XX4J0,999,1,999,2,1,0,F,1,1
2400573,1,1,1,1XKWDB9XX4J0,999,1,999,66,1,0,F,1,1
2400573,1,1,1,1XKWDB9XX4J0,999,0,64,2,1,0,F,1,1
2400573,1,1,1,1XKWDB9XX4J0,999,0,64,66,1,0,F,1,1
2400573,1,1,1,1XKWDB9XX4J0,999,0,999,2,1,0,F,1,1
2400573,1,1,1,1XKWDB9XX4J0,999,0,999,66,1,0,F,1,1
2400577,1,2,2,1GCPWDED8KZ1,999,2,105,3,1,0,T,1,1
2400593,4,5,3,1GCHK23142F1,999,2,129,3,1,1,R,2,1
2400608,1,2,2,2GCEK19T0311,999,1,72,3,2,2,R,2,1
2400613,1,2,2,KL8CB6SA5MC7,999,1,56,1,1,0,F,2,1
2400642,1,8,1,1FTRX08L0XKB,999,1,89,3,1,1,F,2,1
2400648,1,1,1,5TFBY5F13MX0,999,1,48,3,1,1,F,2,1
2400656,1,2,2,3N1AB8DV6PY2,999,1,105,1,1,1,F,1,1
2400657,1,2,2,2C3CDZFJ5NH2,999,1,113,1,1,1,L,1,1
2400664,1,1,1,1C6SRFFT8NN1,29,1,105,3,1,0,F,1,1
2400688,1,2,2,KL4MMDS2XPB0,41,1,113,2,1,1,F,1,1
2400689,1,1,1,1C4NJPBA8ED6,999,1,48,2,1,0,F,1,1
2400706,1,1,1,KL7CJLSB6JB7,999,1,89,2,1,1,F,1,1
2400714,1,5,2,1FAHP3F2XCL4,999,1,72,1,1,1,F,2,1
2400715,1,1,5,2T1BURHE7KC1,32,1,24,1,1,1,F,2,1
2400717,1,2,2,5J6RE38759L0,999,2,56,2,2,0,9,0,1
2400725,1,4,3,4T1M11AK7LU9,17,1,121,1,1,1,F,1,1
2400762,1,1,1,1FMZK05155GA,999,2,89,1,2,1,T,1,1
2400769,1,4,5,1GCDM19X85B1,999,2,113,4,1,0,T,2,1
2400777,1,2,2,5YFBURHE4GP4,23,1,105,1,2,2,F,1,1
2400790,1,1,1,3N1AB8CV0MY2,999,1,56,1,2,0,F,2,1
2400791,1,1,2,3N1CN8EV8ML8,999,1,105,1,1,0,R,1,1
2400811,1,4,2,5N1DR3DK9NC2,28,1,72,2,1,1,F,1,1
2400829,2,1,1,1FM5K7F82EGC,999,1,48,2,1,1,F,1,1
2400837,1,1,1,3FA6P0K98DR2,999,1,105,1,1,1,F,2,1
2400844,1,1,1,KL4CJFSB0FB2,999,1,80,2,1,1,F,1,1
2400845,1,2,2,1N4AA5AP1BC8,999,1,999,1,1,1,F,1,1
2400861,1,1,1,3FAHP0HA6BR2,999,1,48,1,1,0,F,2,1
2400861,1,1,1,3FAHP0HA6BR2,999,1,48,1,1,0,F,2,1
2400861,1,1,1,3FAHP0HA6BR2,999,1,999,1,1,0,F,2,1
2400861,1,1,1,3FAHP0HA6BR2,999,1,999,1,1,0,F,2,1
2400861,1,1,1,3FAHP0HA6BR2,999,0,48,1,1,0,F,2,1
2400861,1,1,1,3FAHP0HA6BR2,999,0,48,1,1,0,F,2,1
2400861,1,1,1,3FAHP0HA6BR2,999,0,999,1,1,0,F,2,1
2400861,1,1,1,3FAHP0HA6BR2,999,0,999,1,1,0,F,2,1
2400861,1,1,1,3FAHP0HA6BR2,999,1,48,1,1,0,F,2,1
2400861,1,1,1,3FAHP0HA6BR2,999,1,48,1,1,0,F,2,1
2400861,1,1,1,3FAHP0HA6BR2,999,1,999,1,1,0,F,2,1
2400861,1,1,1,3FAHP0HA6BR2,999,1,999,1,1,0,F,2,1
2400861,1,1,1,3FAHP0HA6BR2,999,0,48,1,1,0,F,2,1
2400861,1,1,1,3FAHP0HA6BR2,999,0,48,1,1,0,F,2,1
2400861,1,1,1,3FAHP0HA6BR2,999,0,999,1,1,0,F,2,1
2400861,1,1,1,3FAHP0HA6BR2,999,0,999,1,1,0,F,2,1
2400861,1,1,1,JTDZN3EU1C30,999,1,48,1,1,0,F,2,1
2400861,1,1,1,JTDZN3EU1C30,999,1,48,1,1,0,F,2,1
2400861,1,1,1,JTDZN3EU1C30,999,1,999,1,1,0,F,2,1
2400861,1,1,1,JTDZN3EU1C30,999,1,999,1,1,0,F,2,1
2400861,1,1,1,JTDZN3EU1C30,999,0,48,1,1,0,F,2,1
2400861,1,1,1,JTDZN3EU1C30,999,0,48,1,1,0,F,2,1
2400861,1,1,1,JTDZN3EU1C30,999,0,999,1,1,0,F,2,1
2400861,1,1,1,JTDZN3EU1C30,999,0,999,1,1,0,F,2,1
2400861,1,1,1,JTDZN3EU1C30,999,1,48,1,1,0,F,2,1
2400861,1,1,1,JTDZN3EU1C30,999,1,48,1,1,0,F,2,1
2400861,1,1,1,JTDZN3EU1C30,999,1,999,1,1,0,F,2,1
2400861,1,1,1,JTDZN3EU1C30,999,1,999,1,1,0,F,2,1
2400861,1,1,1,JTDZN3EU1C30,999,0,48,1,1,0,F,2,1
2400861,1,1,1,JTDZN3EU1C30,999,0,48,1,1,0,F,2,1
2400861,1,1,1,JTDZN3EU1C30,999,0,999,1,1,0,F,2,1
2400861,1,1,1,JTDZN3EU1C30,999,0,999,1,1,0,F,2,1
2400862,1,1,1,5XYK5CAFXPG1,999,1,89,2,1,1,F,2,1
2400864,1,1,1,3N1CN8FV1LL9,64,1,72,1,1,1,F,1,1
2400891,1,1,1,1GKKNMLS6MZ1,999,1,89,2,1,1,F,2,1
2400894,1,8,2,KM8J3CA41LU1,999,1,89,2,1,1,F,2,1
2400895,1,8,1,1C4PJMCS8FW5,999,1,89,2,1,1,F,2,1
2400896,1,1,2,3GNCJPSB1GL1,999,1,89,2,1,1,F,1,1
2400903,1,4,3,5N1DR2MM8JC6,999,2,72,2,1,1,L,1,1
2400904,1,1,3,4T1BF1FK2HU3,999,2,40,1,1,0,L,1,1
2400914,1,1,1,WAUGUDGY4NA0,999,1,72,1,1,1,F,2,1
2400917,1,10,2,1C6RRFFG1KN8,999,1,48,3,1,1,F,2,1
2400933,1,1,1,3D4GG57V79T2,999,1,64,1,1,0,F,2,1
2400933,1,1,1,3D4GG57V79T2,999,1,64,2,1,0,F,2,1
2400933,1,1,1,3D4GG57V79T2,999,1,999,1,1,0,F,2,1
2400933,1,1,1,3D4GG57V79T2,999,1,999,2,1,0,F,2,1
2400933,1,1,1,3D4GG57V79T2,999,0,64,1,1,0,F,2,1
2400933,1,1,1,3D4GG57V79T2,999,0,64,2,1,0,F,2,1
2400933,1,1,1,3D4GG57V79T2,999,0,999,1,1,0,F,2,1
2400933,1,1,1,3D4GG57V79T2,999,0,999,2,1,0,F,2,1
2400933,1,1,1,3D4GG57V79T2,999,1,64,1,1,0,F,2,1
2400933,1,1,1,3D4GG57V79T2,999,1,64,2,1,0,F,2,1
2400933,1,1,1,3D4GG57V79T2,999,1,999,1,1,0,F,2,1
2400933,1,1,1,3D4GG57V79T2,999,1,999,2,1,0,F,2,1
2400933,1,1,1,3D4GG57V79T2,999,0,64,1,1,0,F,2,1
2400933,1,1,1,3D4GG57V79T2,999,0,64,2,1,0,F,2,1
2400933,1,1,1,3D4GG57V79T2,999,0,999,1,1,0,F,2,1
2400933,1,1,1,3D4GG57V79T2,999,0,999,2,1,0,F,2,1
2400933,1,1,1,KM8NU13C49U0,999,1,64,1,1,0,F,2,1
2400933,1,1,1,KM8NU13C49U0,999,1,64,2,1,0,F,2,1
2400933,1,1,1,KM8NU13C49U0,999,1,999,1,1,0,F,2,1
2400933,1,1,1,KM8NU13C49U0,999,1,999,2,1,0,F,2,1
2400933,1,1,1,KM8NU13C49U0,999,0,64,1,1,0,F,2,1
2400933,1,1,1,KM8NU13C49U0,999,0,64,2,1,0,F,2,1
2400933,1,1,1,KM8NU13C49U0,999,0,999,1,1,0,F,2,1
2400933,1,1,1,KM8NU13C49U0,999,0,999,2,1,0,F,2,1
2400933,1,1,1,KM8NU13C49U0,999,1,64,1,1,0,F,2,1
2400933,1,1,1,KM8NU13C49U0,999,1,64,2,1,0,F,2,1
2400933,1,1,1,KM8NU13C49U0,999,1,999,1,1,0,F,2,1
2400933,1,1,1,KM8NU13C49U0,999,1,999,2,1,0,F,2,1
2400933,1,1,1,KM8NU13C49U0,999,0,64,1,1,0,F,2,1
2400933,1,1,1,KM8NU13C49U0,999,0,64,2,1,0,F,2,1
2400933,1,1,1,KM8NU13C49U0,999,0,999,1,1,0,F,2,1
2400933,1,1,1,KM8NU13C49U0,999,0,999,2,1,0,F,2,1
2400936,1,1,1,3N1AB8BVXMY3,999,1,80,1,1,1,F,2,1
2400937,1,1,1,5NPE24AF3HH4,999,1,89,1,1,1,F,1,1
2400953,1,1,1,1GNDT13W32K1,999,1,89,2,1,0,L,1,1
2400986,1,1,1,5J6RM4H79FL0,999,1,113,2,2,0,F,2,1
2400998,1,2,2,2GNAXJEV3M61,4,1,113,2,1,1,L,2,1
2401018,1,1,1,5FNYF8H58LB0,999,1,40,2,1,1,F,1,1
2401026,1,8,1,2HKYF18715H5,26,1,64,2,1,1,F,1,1
2401029,1,1,1,1B3ES56C25D2,999,1,89,1,1,1,F,1,1
2401030,1,1,1,JF2GPALC5GH2,999,1,89,2,1,1,F,1,1
2401051,1,2,2,2HKRW2H54KH6,38,1,89,2,2,2,F,1,1
2401054,1,1,3,JF2GPAAC1HG2,30,1,56,2,1,1,F,1,1
2401063,1,1,5,1D7HU18268J2,999,2,89,3,1,0,T,2,1
2401078,1,2,2,5XXGN4A75FG3,999,1,129,1,2,2,F,1,1
2401079,1,1,1,5N1BT3CB9NC7,43,1,80,2,2,0,F,1,1
2401083,1,1,1,1GCCS19X8WK1,999,1,72,3,2,2,F,2,1
2401094,1,8,1,1FTEW1CB3LFC,999,1,89,3,1,1,F,2,1
2401104,1,1,1,19XFC1F74KE0,999,1,89,1,1,1,F,2,1
2401123,1,1,1,JA4J4UA81NZ0,999,1,999,2,1,1,F,1,1
2401125,1,1,1,1C6SRFJT8LN1,999,1,80,3,2,2,F,2,1
2401126,1,4,4,KM8R1DHE3LU1,999,2,72,2,1,1,T,1,1
2401127,2,1,1,2G11X5SA4H91,999,1,72,1,1,1,L,1,1
2401139,1,1,1,5XXGR4A66FG5,999,1,105,1,1,0,L,2,1
2401142,1,1,1,KNDERCAA3M71,999,1,40,2,1,1,F,1,1
2401142,1,1,1,KNDERCAA3M71,999,1,40,2,1,1,F,1,1
2401142,1,1,1,KNDERCAA3M71,999,1,999,2,1,1,F,1,1
2401142,1,1,1,KNDERCAA3M71,999,1,999,2,1,1,F,1,1
2401142,1,1,1,KNDERCAA3M71,999,0,40,2,1,1,F,1,1
2401142,1,1,1,KNDERCAA3M71,999,0,40,2,1,1,F,1,1
2401142,1,1,1,KNDERCAA3M71,999,0,999,2,1,1,F,1,1
2401142,1,1,1,KNDERCAA3M71,999,0,999,2,1,1,F,1,1
2401142,1,1,1,KNDERCAA3M71,999,1,40,2,1,1,F,1,1
2401142,1,1,1,KNDERCAA3M71,999,1,40,2,1,1,F,1,1
2401142,1,1,1,KNDERCAA3M71,999,1,999,2,1,1,F,1,1
2401142,1,1,1,KNDERCAA3M71,999,1,999,2,1,1,F,1,1
2401142,1,1,1,KNDERCAA3M71,999,0,40,2,1,1,F,1,1
2401142,1,1,1,KNDERCAA3M71,999,0,40,2,1,1,F,1,1
2401142,1,1,1,KNDERCAA3M71,999,0,999,2,1,1,F,1,1
2401142,1,1,1,KNDERCAA3M71,999,0,999,2,1,1,F,1,1
2401142,1,1,1,1C4RDJEG1EC4,999,1,40,2,1,1,F,1,1
2401142,1,1,1,1C4RDJEG1EC4,999,1,40,2,1,1,F,1,1
2401142,1,1,1,1C4RDJEG1EC4,999,1,999,2,1,1,F,1,1
2401142,1,1,1,1C4RDJEG1EC4,999,1,999,2,1,1,F,1,1
2401142,1,1,1,1C4RDJEG1EC4,999,0,40,2,1,1,F,1,1
2401142,1,1,1,1C4RDJEG1EC4,999,0,40,2,1,1,F,1,1
2401142,1,1,1,1C4RDJEG1EC4,999,0,999,2,1,1,F,1,1
2401142,1,1,1,1C4RDJEG1EC4,999,0,999,2,1,1,F,1,1
2401142,1,1,1,1C4RDJEG1EC4,999,1,40,2,1,1,F,1,1
2401142,1,1,1,1C4RDJEG1EC4,999,1,40,2,1,1,F,1,1
2401142,1,1,1,1C4RDJEG1EC4,999,1,999,2,1,1,F,1,1
2401142,1,1,1,1C4RDJEG1EC4,999,1,999,2,1,1,F,1,1
2401142,1,1,1,1C4RDJEG1EC4,999,0,40,2,1,1,F,1,1
2401142,1,1,1,1C4RDJEG1EC4,999,0,40,2,1,1,F,1,1
2401142,1,1,1,1C4RDJEG1EC4,999,0,999,2,1,1,F,1,1
2401142,1,1,1,1C4RDJEG1EC4,999,0,999,2,1,1,F,1,1
2401168,1,1,2,3VWEM7BU0RM0,12,1,32,1,2,1,F,1,1
2401176,1,8,3,1HGCP263X9A1,999,1,56,1,1,0,L,2,1
2401178,1,1,1,3KPC24A67ME1,13,1,40,1,1,0,F,1,1
2401178,1,1,1,3KPC24A67ME1,13,1,40,2,1,0,F,1,1
2401178,1,1,1,3KPC24A67ME1,13,1,999,1,1,0,F,1,1
2401178,1,1,1,3KPC24A67ME1,13,1,999,2,1,0,F,1,1
2401178,1,1,1,3KPC24A67ME1,13,0,40,1,1,0,F,1,1
2401178,1,1,1,3KPC24A67ME1,13,0,40,2,1,0,F,1,1
2401178,1,1,1,3KPC24A67ME1,13,0,999,1,1,0,F,1,1
2401178,1,1,1,3KPC24A67ME1,13,0,999,2,1,0,F,1,1
2401178,1,1,1,3KPC24A67ME1,999,1,40,1,1,0,F,1,1
2401178,1,1,1,3KPC24A67ME1,999,1,40,2,1,0,F,1,1
2401178,1,1,1,3KPC24A67ME1,999,1,999,1,1,0,F,1,1
2401178,1,1,1,3KPC24A67ME1,999,1,999,2,1,0,F,1,1
2401178,1,1,1,3KPC24A67ME1,999,0,40,1,1,0,F,1,1
2401178,1,1,1,3KPC24A67ME1,999,0,40,2,1,0,F,1,1
2401178,1,1,1,3KPC24A67ME1,999,0,999,1,1,0,F,1,1
2401178,1,1,1,3KPC24A67ME1,999,0,999,2,1,0,F,1,1
2401178,1,1,1,JTMDJREVXHD1,13,1,40,1,1,0,F,1,1
2401178,1,1,1,JTMDJREVXHD1,13,1,40,2,1,0,F,1,1
2401178,1,1,1,JTMDJREVXHD1,13,1,999,1,1,0,F,1,1
2401178,1,1,1,JTMDJREVXHD1,13,1,999,2,1,0,F,1,1
2401178,1,1,1,JTMDJREVXHD1,13,0,40,1,1,0,F,1,1
2401178,1,1,1,JTMDJREVXHD1,13,0,40,2,1,0,F,1,1
2401178,1,1,1,JTMDJREVXHD1,13,0,999,1,1,0,F,1,1
2401178,1,1,1,JTMDJREVXHD1,13,0,999,2,1,0,F,1,1
2401178,1,1,1,JTMDJREVXHD1,999,1,40,1,1,0,F,1,1
2401178,1,1,1,JTMDJREVXHD1,999,1,40,2,1,0,F,1,1
2401178,1,1,1,JTMDJREVXHD1,999,1,999,1,1,0,F,1,1
2401178,1,1,1,JTMDJREVXHD1,999,1,999,2,1,0,F,1,1
2401178,1,1,1,JTMDJREVXHD1,999,0,40,1,1,0,F,1,1
2401178,1,1,1,JTMDJREVXHD1,999,0,40,2,1,0,F,1,1
2401178,1,1,1,JTMDJREVXHD1,999,0,999,1,1,0,F,1,1
2401178,1,1,1,JTMDJREVXHD1,999,0,999,2,1,0,F,1,1
2401189,1,4,3,1GKKNXLSXKZ2,999,1,999,2,4,4,L,1,1
2401213,1,1,1,LRBFXCSA7LD0,999,1,105,2,1,1,F,1,1
2401236,2,8,1,1FMCU9DG9CKA,999,1,121,2,1,1,L,1,1
2401243,1,8,1,1GKKVTKD7EJ1,39,1,40,2,1,1,F,1,1
2401268,1,1,1,3PCAJ5M32KF1,999,1,89,1,2,2,F,2,1
2401276,1,1,1,2CNDL13FX760,29,1,56,2,1,0,F,2,1
2401280,1,1,1,4S3BNAN62F30,999,1,89,1,1,1,F,1,1
2401290,1,1,1,KMHFG4JG6HA5,999,1,113,1,1,1,F,1,1
2401291,2,1,1,3GTP2VE76CG1,63,1,72,3,2,0,F,1,1
2401301,1,1,1,JTDKB20U2877,30,1,40,1,1,1,F,1,1
2401301,1,1,1,JTDKB20U2877,30,1,40,3,1,1,F,1,1
2401301,1,1,1,JTDKB20U2877,30,1,999,1,1,1,F,1,1
2401301,1,1,1,JTDKB20U2877,30,1,999,3,1,1,F,1,1
2401301,1,1,1,JTDKB20U2877,30,0,40,1,1,1,F,1,1
2401301,1,1,1,JTDKB20U2877,30,0,40,3,1,1,F,1,1
2401301,1,1,1,JTDKB20U2877,30,0,999,1,1,1,F,1,1
2401301,1,1,1,JTDKB20U2877,30,0,999,3,1,1,F,1,1
2401301,1,1,1,JTDKB20U2877,999,1,40,1,1,1,F,1,1
2401301,1,1,1,JTDKB20U2877,999,1,40,3,1,1,F,1,1
2401301,1,1,1,JTDKB20U2877,999,1,999,1,1,1,F,1,1
2401301,1,1,1,JTDKB20U2877,999,1,999,3,1,1,F,1,1
2401301,1,1,1,JTDKB20U2877,999,0,40,1,1,1,F,1,1
2401301,1,1,1,JTDKB20U2877,999,0,40,3,1,1,F,1,1
2401301,1,1,1,JTDKB20U2877,999,0,999,1,1,1,F,1,1
2401301,1,1,1,JTDKB20U2877,999,0,999,3,1,1,F,1,1
2401301,1,1,1,1FTCR15T8KPA,30,1,40,1,1,1,F,1,1
2401301,1,1,1,1FTCR15T8KPA,30,1,40,3,1,1,F,1,1
2401301,1,1,1,1FTCR15T8KPA,30,1,999,1,1,1,F,1,1
2401301,1,1,1,1FTCR15T8KPA,30,1,999,3,1,1,F,1,1
2401301,1,1,1,1FTCR15T8KPA,30,0,40,1,1,1,F,1,1
2401301,1,1,1,1FTCR15T8KPA,30,0,40,3,1,1,F,1,1
2401301,1,1,1,1FTCR15T8KPA,30,0,999,1,1,1,F,1,1
2401301,1,1,1,1FTCR15T8KPA,30,0,999,3,1,1,F,1,1
2401301,1,1,1,1FTCR15T8KPA,999,1,40,1,1,1,F,1,1
2401301,1,1,1,1FTCR15T8KPA,999,1,40,3,1,1,F,1,1
2401301,1,1,1,1FTCR15T8KPA,999,1,999,1,1,1,F,1,1
2401301,1,1,1,1FTCR15T8KPA,999,1,999,3,1,1,F,1,1
2401301,1,1,1,1FTCR15T8KPA,999,0,40,1,1,1,F,1,1
2401301,1,1,1,1FTCR15T8KPA,999,0,40,3,1,1,F,1,1
2401301,1,1,1,1FTCR15T8KPA,999,0,999,1,1,1,F,1,1
2401301,1,1,1,1FTCR15T8KPA,999,0,999,3,1,1,F,1,1
2401309,1,1,1,3FA6P0RUXER1,999,1,40,1,1,1,F,2,1
2401309,11,1,1,3FA6P0RUXER1,999,1,40,1,1,1,F,2,1
2401316,1,1,1,JF2GTABC2L82,999,1,64,2,1,1,F,1,1
2401317,2,1,1,1C4RJFBG5EC5,999,1,89,2,2,2,F,1,1
2401318,1,1,1,4S4BRBCC5B33,999,1,72,1,1,1,F,1,1
2401325,1,1,1,2C3CCADG2PH6,16,1,72,1,1,0,F,2,1
2401329,1,1,1,2HGFB2F57FH5,999,1,89,1,1,1,F,1,1
2401338,1,8,1,1GCUYDED2LZ3,999,1,89,3,1,0,F,2,1
2401355,1,1,1,2GNAXUEV3M61,999,1,80,2,1,0,F,2,1
2401358,1,1,1,4S4BTGHD4L31,999,2,89,1,1,1,R,1,1
2401362,1,8,2,1C6SRFFT1PN6,999,1,121,3,3,3,F,2,1
2401378,1,4,3,JA4AZ3A37HZ0,999,1,80,1,1,1,F,2,1
2401384,1,1,1,5N1AT2MVXLC7,999,2,72,2,2,2,R,1,1
2401392,1,1,1,1FMCU0E73BKA,999,1,89,2,1,0,F,1,1
2401399,1,2,2,NMTKHMBX4LR1,34,1,80,2,1,1,F,1,1
2401404,1,1,1,7FARW1H82HE0,999,1,40,2,1,1,F,1,1
2401404,1,1,1,7FARW1H82HE0,999,1,40,3,1,1,F,1,1
2401404,1,1,1,7FARW1H82HE0,999,1,999,2,1,1,F,1,1
2401404,1,1,1,7FARW1H82HE0,999,1,999,3,1,1,F,1,1
2401404,1,1,1,7FARW1H82HE0,999,0,40,2,1,1,F,1,1
2401404,1,1,1,7FARW1H82HE0,999,0,40,3,1,1,F,1,1
2401404,1,1,1,7FARW1H82HE0,999,0,999,2,1,1,F,1,1
2401404,1,1,1,7FARW1H82HE0,999,0,999,3,1,1,F,1,1
2401404,1,1,1,7FARW1H82HE0,999,1,40,2,1,1,F,1,1
2401404,1,1,1,7FARW1H82HE0,999,1,40,3,1,1,F,1,1
2401404,1,1,1,7FARW1H82HE0,999,1,999,2,1,1,F,1,1
2401404,1,1,1,7FARW1H82HE0,999,1,999,3,1,1,F,1,1
2401404,1,1,1,7FARW1H82HE0,999,0,40,2,1,1,F,1,1
2401404,1,1,1,7FARW1H82HE0,999,0,40,3,1,1,F,1,1
2401404,1,1,1,7FARW1H82HE0,999,0,999,2,1,1,F,1,1
2401404,1,1,1,7FARW1H82HE0,999,0,999,3,1,1,F,1,1
2401404,1,1,1,1C6RR7FT9JS3,999,1,40,2,1,1,F,1,1
2401404,1,1,1,1C6RR7FT9JS3,999,1,40,3,1,1,F,1,1
2401404,1,1,1,1C6RR7FT9JS3,999,1,999,2,1,1,F,1,1
2401404,1,1,1,1C6RR7FT9JS3,999,1,999,3,1,1,F,1,1
2401404,1,1,1,1C6RR7FT9JS3,999,0,40,2,1,1,F,1,1
2401404,1,1,1,1C6RR7FT9JS3,999,0,40,3,1,1,F,1,1
2401404,1,1,1,1C6RR7FT9JS3,999,0,999,2,1,1,F,1,1
2401404,1,1,1,1C6RR7FT9JS3,999,0,999,3,1,1,F,1,1
2401404,1,1,1,1C6RR7FT9JS3,999,1,40,2,1,1,F,1,1
2401404,1,1,1,1C6RR7FT9JS3,999,1,40,3,1,1,F,1,1
2401404,1,1,1,1C6RR7FT9JS3,999,1,999,2,1,1,F,1,1
2401404,1,1,1,1C6RR7FT9JS3,999,1,999,3,1,1,F,1,1
2401404,1,1,1,1C6RR7FT9JS3,999,0,40,2,1,1,F,1,1
2401404,1,1,1,1C6RR7FT9JS3,999,0,40,3,1,1,F,1,1
2401404,1,1,1,1C6RR7FT9JS3,999,0,999,2,1,1,F,1,1
2401404,1,1,1,1C6RR7FT9JS3,999,0,999,3,1,1,F,1,1
2401414,1,1,1,KL79MRSL3PB0,999,1,89,2,1,1,F,1,1
2401423,1,1,3,JN8AZ1MU4EW4,999,2,89,1,2,1,L,1,1
2401429,1,1,1,2GNAXJEV4J61,999,2,129,2,2,2,T,1,1
2401440,1,1,2,5YFBURHE4GP4,22,1,105,1,2,0,F,1,1
2401462,1,1,1,2G1115S36G91,999,1,89,1,1,1,F,2,1
2401468,1,1,1,1HGCV2F38JA0,999,1,40,1,1,0,F,1,1
2401494,1,1,1,1FTEW1CB2PKD,999,1,48,3,1,1,F,1,1
2401498,1,1,1,1FTFW1CV2AFC,999,2,64,3,1,0,T,1,1
2401505,1,1,1,2C4RC1CG6PR5,999,1,89,4,1,1,R,1,1
2401522,1,1,1,JN1BV7ARXEM6,999,1,80,1,1,1,F,1,1
2401527,1,1,1,4T1K61AK3MU4,999,2,113,1,1,1,T,1,1
2401528,1,1,1,3GKALTEG4PL1,999,1,113,2,1,1,F,1,1
2401529,1,1,1,KNDJ23AU5M77,999,1,89,2,1,0,F,2,1
2401558,1,1,1,5NPLM4AG4MH0,999,1,105,1,1,1,F,2,1
2401573,1,1,1,1HGCV1F46KA1,27,1,48,1,1,1,F,1,1
2401598,1,4,3,1B7HC16Y41S3,7,1,72,3,1,0,L,2,1
2401599,1,1,1,1G1ZD5ST3LF1,51,1,40,1,2,0,F,1,1
2401599,1,1,1,1G1ZD5ST3LF1,51,1,40,3,2,0,F,1,1
2401599,1,1,1,1G1ZD5ST3LF1,51,1,999,1,2,0,F,1,1
2401599,1,1,1,1G1ZD5ST3LF1,51,1,999,3,2,0,F,1,1
2401599,1,1,1,1G1ZD5ST3LF1,51,0,40,1,2,0,F,1,1
2401599,1,1,1,1G1ZD5ST3LF1,51,0,40,3,2,0,F,1,1
2401599,1,1,1,1G1ZD5ST3LF1,51,0,999,1,2,0,F,1,1
2401599,1,1,1,1G1ZD5ST3LF1,51,0,999,3,2,0,F,1,1
2401599,1,1,1,1G1ZD5ST3LF1,999,1,40,1,2,0,F,1,1
2401599,1,1,1,1G1ZD5ST3LF1,999,1,40,3,2,0,F,1,1
2401599,1,1,1,1G1ZD5ST3LF1,999,1,999,1,2,0,F,1,1
2401599,1,1,1,1G1ZD5ST3LF1,999,1,999,3,2,0,F,1,1
2401599,1,1,1,1G1ZD5ST3LF1,999,0,40,1,2,0,F,1,1
2401599,1,1,1,1G1ZD5ST3LF1,999,0,40,3,2,0,F,1,1
2401599,1,1,1,1G1ZD5ST3LF1,999,0,999,1,2,0,F,1,1
2401599,1,1,1,1G1ZD5ST3LF1,999,0,999,3,2,0,F,1,1
2401599,1,1,1,1FTFW1EV6AFA,51,1,40,1,2,0,F,1,1
2401599,1,1,1,1FTFW1EV6AFA,51,1,40,3,2,0,F,1,1
2401599,1,1,1,1FTFW1EV6AFA,51,1,999,1,2,0,F,1,1
2401599,1,1,1,1FTFW1EV6AFA,51,1,999,3,2,0,F,1,1
2401599,1,1,1,1FTFW1EV6AFA,51,0,40,1,2,0,F,1,1
2401599,1,1,1,1FTFW1EV6AFA,51,0,40,3,2,0,F,1,1
2401599,1,1,1,1FTFW1EV6AFA,51,0,999,1,2,0,F,1,1
2401599,1,1,1,1FTFW1EV6AFA,51,0,999,3,2,0,F,1,1
2401599,1,1,1,1FTFW1EV6AFA,999,1,40,1,2,0,F,1,1
2401599,1,1,1,1FTFW1EV6AFA,999,1,40,3,2,0,F,1,1
2401599,1,1,1,1FTFW1EV6AFA,999,1,999,1,2,0,F,1,1
2401599,1,1,1,1FTFW1EV6AFA,999,1,999,3,2,0,F,1,1
2401599,1,1,1,1FTFW1EV6AFA,999,0,40,1,2,0,F,1,1
2401599,1,1,1,1FTFW1EV6AFA,999,0,40,3,2,0,F,1,1
2401599,1,1,1,1FTFW1EV6AFA,999,0,999,1,2,0,F,1,1
2401599,1,1,1,1FTFW1EV6AFA,999,0,999,3,2,0,F,1,1
2401602,1,1,1,1G1ZB5ST1LF0,999,1,89,1,1,0,F,2,1
2401603,1,1,1,WA1AUCF36M11,999,1,40,2,1,1,F,2,1
2401604,1,1,1,5TDZA3EH3DS0,999,1,72,2,1,0,F,2,1
2401616,1,2,2,1GCEK19TX2E1,34,1,72,3,1,0,F,1,1
2401643,1,8,1,1C4RJFBG1LC1,999,1,89,2,1,1,F,2,1
2401652,1,2,2,55SWF4JB8FU0,999,1,113,1,5,1,F,2,1
2401659,1,1,1,1FATP8FF6N51,999,1,105,1,1,1,F,2,1
2401660,1,1,1,JTMDK4DVXA50,999,1,40,2,1,1,F,1,1
2401694,2,1,1,2C4RDGCG0KR6,999,1,72,4,2,0,F,2,1
2401702,1,1,1,3KPF24AD1PE5,999,2,105,1,2,2,T,1,1
2401705,1,3,4,1HGCR2F55GA2,14,1,89,1,1,1,F,1,1
2401710,1,1,1,2B3KA43G38H2,999,1,105,1,1,0,F,2,1
2401728,2,2,2,1GYS4JEF9ER1,999,2,129,2,4,4,T,1,1
2401729,1,10,5,3C6RR7KTXHG7,11,1,89,3,6,4,F,2,1
2401734,1,4,3,KM8HCCAB6RU0,999,2,56,2,1,0,T,1,1
2401736,1,1,1,1GCGK29U0XE1,999,2,89,3,1,0,T,2,1
2401739,1,1,1,2T3W1RFV8NC1,999,2,97,2,1,1,T,1,1
2401742,1,1,1,1FMCU9MN9RUA,999,1,105,2,5,5,F,1,1
2401743,1,1,1,4S4WMARDXL34,999,1,89,2,1,1,F,1,1
2401747,1,1,1,JHLRD1860XC0,999,1,48,2,1,0,F,1,1
2401747,1,1,1,JHLRD1860XC0,999,1,48,1,1,0,F,1,1
2401747,1,1,1,JHLRD1860XC0,999,1,999,2,1,0,F,1,1
2401747,1,1,1,JHLRD1860XC0,999,1,999,1,1,0,F,1,1
2401747,1,1,1,JHLRD1860XC0,999,0,48,2,1,0,F,1,1
2401747,1,1,1,JHLRD1860XC0,999,0,48,1,1,0,F,1,1
2401747,1,1,1,JHLRD1860XC0,999,0,999,2,1,0,F,1,1
2401747,1,1,1,JHLRD1860XC0,999,0,999,1,1,0,F,1,1
2401747,1,1,1,JHLRD1860XC0,999,1,48,2,1,0,F,1,1
2401747,1,1,1,JHLRD1860XC0,999,1,48,1,1,0,F,1,1
2401747,1,1,1,JHLRD1860XC0,999,1,999,2,1,0,F,1,1
2401747,1,1,1,JHLRD1860XC0,999,1,999,1,1,0,F,1,1
2401747,1,1,1,JHLRD1860XC0,999,0,48,2,1,0,F,1,1
2401747,1,1,1,JHLRD1860XC0,999,0,48,1,1,0,F,1,1
2401747,1,1,1,JHLRD1860XC0,999,0,999,2,1,0,F,1,1
2401747,1,1,1,JHLRD1860XC0,999,0,999,1,1,0,F,1,1
2401747,1,1,1,KNDJT2A16A70,999,1,48,2,1,0,F,1,1
2401747,1,1,1,KNDJT2A16A70,999,1,48,1,1,0,F,1,1
2401747,1,1,1,KNDJT2A16A70,999,1,999,2,1,0,F,1,1
2401747,1,1,1,KNDJT2A16A70,999,1,999,1,1,0,F,1,1
2401747,1,1,1,KNDJT2A16A70,999,0,48,2,1,0,F,1,1
2401747,1,1,1,KNDJT2A16A70,999,0,48,1,1,0,F,1,1
2401747,1,1,1,KNDJT2A16A70,999,0,999,2,1,0,F,1,1
2401747,1,1,1,KNDJT2A16A70,999,0,999,1,1,0,F,1,1
2401747,1,1,1,KNDJT2A16A70,999,1,48,2,1,0,F,1,1
2401747,1,1,1,KNDJT2A16A70,999,1,48,1,1,0,F,1,1
2401747,1,1,1,KNDJT2A16A70,999,1,999,2,1,0,F,1,1
2401747,1,1,1,KNDJT2A16A70,999,1,999,1,1,0,F,1,1
2401747,1,1,1,KNDJT2A16A70,999,0,48,2,1,0,F,1,1
2401747,1,1,1,KNDJT2A16A70,999,0,48,1,1,0,F,1,1
2401747,1,1,1,KNDJT2A16A70,999,0,999,2,1,0,F,1,1
2401747,1,1,1,KNDJT2A16A70,999,0,999,1,1,0,F,1,1
2401769,1,4,4,1C4PJMDX5MD1,999,1,80,2,2,2,F,1,1
2401771,1,1,5,1FTDX1868VNA,999,2,129,3,3,3,T,2,1
2401772,11,1,1,7SAYGAEE5PF7,16,1,89,2,1,1,F,1,1
2401803,1,4,3,JF2GTABC0JH2,999,1,56,2,1,1,F,2,1
2401806,1,8,1,1GNCS18W5VK2,13,1,40,2,1,0,F,1,1
2401806,1,8,1,1GNCS18W5VK2,13,1,40,2,1,0,F,1,1
2401806,1,8,1,1GNCS18W5VK2,13,1,999,2,1,0,F,1,1
2401806,1,8,1,1GNCS18W5VK2,13,1,999,2,1,0,F,1,1
2401806,1,8,1,1GNCS18W5VK2,13,0,40,2,1,0,F,1,1
2401806,1,8,1,1GNCS18W5VK2,13,0,40,2,1,0,F,1,1
2401806,1,8,1,1GNCS18W5VK2,13,0,999,2,1,0,F,1,1
2401806,1,8,1,1GNCS18W5VK2,13,0,999,2,1,0,F,1,1
2401806,1,8,1,1GNCS18W5VK2,999,1,40,2,1,0,F,1,1
2401806,1,8,1,1GNCS18W5VK2,999,1,40,2,1,0,F,1,1
2401806,1,8,1,1GNCS18W5VK2,999,1,999,2,1,0,F,1,1
2401806,1,8,1,1GNCS18W5VK2,999,1,999,2,1,0,F,1,1
2401806,1,8,1,1GNCS18W5VK2,999,0,40,2,1,0,F,1,1
2401806,1,8,1,1GNCS18W5VK2,999,0,40,2,1,0,F,1,1
2401806,1,8,1,1GNCS18W5VK2,999,0,999,2,1,0,F,1,1
2401806,1,8,1,1GNCS18W5VK2,999,0,999,2,1,0,F,1,1
2401806,1,8,1,5N1AN08W09C5,13,1,40,2,1,0,F,1,1
2401806,1,8,1,5N1AN08W09C5,13,1,40,2,1,0,F,1,1
2401806,1,8,1,5N1AN08W09C5,13,1,999,2,1,0,F,1,1
2401806,1,8,1,5N1AN08W09C5,13,1,999,2,1,0,F,1,1
2401806,1,8,1,5N1AN08W09C5,13,0,40,2,1,0,F,1,1
2401806,1,8,1,5N1AN08W09C5,13,0,40,2,1,0,F,1,1
2401806,1,8,1,5N1AN08W09C5,13,0,999,2,1,0,F,1,1
2401806,1,8,1,5N1AN08W09C5,13,0,999,2,1,0,F,1,1
2401806,1,8,1,5N1AN08W09C5,999,1,40,2,1,0,F,1,1
2401806,1,8,1,5N1AN08W09C5,999,1,40,2,1,0,F,1,1
2401806,1,8,1,5N1AN08W09C5,999,1,999,2,1,0,F,1,1
2401806,1,8,1,5N1AN08W09C5,999,1,999,2,1,0,F,1,1
2401806,1,8,1,5N1AN08W09C5,999,0,40,2,1,0,F,1,1
2401806,1,8,1,5N1AN08W09C5,999,0,40,2,1,0,F,1,1
2401806,1,8,1,5N1AN08W09C5,999,0,999,2,1,0,F,1,1
2401806,1,8,1,5N1AN08W09C5,999,0,999,2,1,0,F,1,1
2401826,1,1,1,5NPE34AF2GH3,999,1,89,1,1,1,F,1,1
2401835,1,1,1,5NPD74LF2LH5,999,1,48,1,1,1,F,2,1
2401835,1,1,1,5NPD74LF2LH5,999,1,48,2,1,1,F,2,1
2401835,1,1,1,5NPD74LF2LH5,999,1,999,1,1,1,F,2,1
2401835,1,1,1,5NPD74LF2LH5,999,1,999,2,1,1,F,2,1
2401835,1,1,1,5NPD74LF2LH5,999,0,48,1,1,1,F,2,1
2401835,1,1,1,5NPD74LF2LH5,999,0,48,2,1,1,F,2,1
2401835,1,1,1,5NPD74LF2LH5,999,0,999,1,1,1,F,2,1
2401835,1,1,1,5NPD74LF2LH5,999,0,999,2,1,1,F,2,1
2401835,1,1,1,5NPD74LF2LH5,999,1,48,1,1,1,F,2,1
2401835,1,1,1,5NPD74LF2LH5,999,1,48,2,1,1,F,2,1
2401835,1,1,1,5NPD74LF2LH5,999,1,999,1,1,1,F,2,1
2401835,1,1,1,5NPD74LF2LH5,999,1,999,2,1,1,F,2,1
2401835,1,1,1,5NPD74LF2LH5,999,0,48,1,1,1,F,2,1
2401835,1,1,1,5NPD74LF2LH5,999,0,48,2,1,1,F,2,1
2401835,1,1,1,5NPD74LF2LH5,999,0,999,1,1,1,F,2,1
2401835,1,1,1,5NPD74LF2LH5,999,0,999,2,1,1,F,2,1
2401835,1,1,1,3VV2B7AX2MM0,999,1,48,1,1,1,F,2,1
2401835,1,1,1,3VV2B7AX2MM0,999,1,48,2,1,1,F,2,1
2401835,1,1,1,3VV2B7AX2MM0,999,1,999,1,1,1,F,2,1
2401835,1,1,1,3VV2B7AX2MM0,999,1,999,2,1,1,F,2,1
2401835,1,1,1,3VV2B7AX2MM0,999,0,48,1,1,1,F,2,1
2401835,1,1,1,3VV2B7AX2MM0,999,0,48,2,1,1,F,2,1
2401835,1,1,1,3VV2B7AX2MM0,999,0,999,1,1,1,F,2,1
2401835,1,1,1,3VV2B7AX2MM0,999,0,999,2,1,1,F,2,1
2401835,1,1,1,3VV2B7AX2MM0,999,1,48,1,1,1,F,2,1
2401835,1,1,1,3VV2B7AX2MM0,999,1,48,2,1,1,F,2,1
2401835,1,1,1,3VV2B7AX2MM0,999,1,999,1,1,1,F,2,1
2401835,1,1,1,3VV2B7AX2MM0,999,1,999,2,1,1,F,2,1
2401835,1,1,1,3VV2B7AX2MM0,999,0,48,1,1,1,F,2,1
2401835,1,1,1,3VV2B7AX2MM0,999,0,48,2,1,1,F,2,1
2401835,1,1,1,3VV2B7AX2MM0,999,0,999,1,1,1,F,2,1
2401835,1,1,1,3VV2B7AX2MM0,999,0,999,2,1,1,F,2,1
2401849,1,2,2,1HGCV2F39MA0,999,1,40,1,1,0,F,1,1
2401849,1,2,2,1HGCV2F39MA0,999,1,40,1,1,0,F,1,1
2401849,1,2,2,1HGCV2F39MA0,999,1,999,1,1,0,F,1,1
2401849,1,2,2,1HGCV2F39MA0,999,1,999,1,1,0,F,1,1
2401849,1,2,2,1HGCV2F39MA0,999,0,40,1,1,0,F,1,1
2401849,1,2,2,1HGCV2F39MA0,999,0,40,1,1,0,F,1,1
2401849,1,2,2,1HGCV2F39MA0,999,0,999,1,1,0,F,1,1
2401849,1,2,2,1HGCV2F39MA0,999,0,999,1,1,0,F,1,1
2401849,1,2,2,1HGCV2F39MA0,999,1,40,1,1,0,F,1,1
2401849,1,2,2,1HGCV2F39MA0,999,1,40,1,1,0,F,1,1
2401849,1,2,2,1HGCV2F39MA0,999,1,999,1,1,0,F,1,1
2401849,1,2,2,1HGCV2F39MA0,999,1,999,1,1,0,F,1,1
2401849,1,2,2,1HGCV2F39MA0,999,0,40,1,1,0,F,1,1
2401849,1,2,2,1HGCV2F39MA0,999,0,40,1,1,0,F,1,1
2401849,1,2,2,1HGCV2F39MA0,999,0,999,1,1,0,F,1,1
2401849,1,2,2,1HGCV2F39MA0,999,0,999,1,1,0,F,1,1
2401849,1,2,2,1ZVBP8AM2E52,999,1,40,1,1,0,F,1,1
2401849,1,2,2,1ZVBP8AM2E52,999,1,40,1,1,0,F,1,1
2401849,1,2,2,1ZVBP8AM2E52,999,1,999,1,1,0,F,1,1
2401849,1,2,2,1ZVBP8AM2E52,999,1,999,1,1,0,F,1,1
2401849,1,2,2,1ZVBP8AM2E52,999,0,40,1,1,0,F,1,1
2401849,1,2,2,1ZVBP8AM2E52,999,0,40,1,1,0,F,1,1
2401849,1,2,2,1ZVBP8AM2E52,999,0,999,1,1,0,F,1,1
2401849,1,2,2,1ZVBP8AM2E52,999,0,999,1,1,0,F,1,1
2401849,1,2,2,1ZVBP8AM2E52,999,1,40,1,1,0,F,1,1
2401849,1,2,2,1ZVBP8AM2E52,999,1,40,1,1,0,F,1,1
2401849,1,2,2,1ZVBP8AM2E52,999,1,999,1,1,0,F,1,1
2401849,1,2,2,1ZVBP8AM2E52,999,1,999,1,1,0,F,1,1
2401849,1,2,2,1ZVBP8AM2E52,999,0,40,1,1,0,F,1,1
2401849,1,2,2,1ZVBP8AM2E52,999,0,40,1,1,0,F,1,1
2401849,1,2,2,1ZVBP8AM2E52,999,0,999,1,1,0,F,1,1
2401849,1,2,2,1ZVBP8AM2E52,999,0,999,1,1,0,F,1,1
2401858,1,1,1,3N1CN7AP9GL8,999,2,64,1,2,1,T,2,1
2401864,1,1,1,2HGFC2F60KH5,999,1,105,1,1,1,L,1,1
2401867,4,1,1,1C4JJXFM6MW5,999,2,89,2,2,2,T,2,1
2401877,1,1,1,3N1CP5DV3LL5,15,1,80,1,1,0,F,1,1
2401887,1,1,1,KNDETCA25M71,999,1,999,2,1,1,F,1,1
2401890,1,8,1,4T1G11AK4MU5,999,1,105,1,1,0,F,2,1
2401906,1,1,1,2G1WB58KX791,999,1,40,1,1,1,L,2,1
2401918,1,1,1,5XYKT3A68EG5,999,1,105,2,1,1,F,1,1
2401923,1,8,1,2T3RWRFV7KW0,13,1,105,2,1,1,F,1,1
2401949,1,1,1,2T3P1RFV6RW4,999,1,113,2,1,1,F,2,1
2401950,11,2,2,5YJYGAEE6MF2,999,1,113,2,3,3,B,1,1
2401952,1,8,5,4F2CU44X6MUM,999,2,56,2,1,0,T,0,1
2401968,1,1,1,JTDEAMDE8NJ0,999,1,72,1,1,1,F,2,1
2401987,1,8,1,JF2SH63619G7,999,1,89,2,1,0,F,1,1
2401999,1,1,1,1GTUUAED6RZ1,999,1,89,3,1,0,F,2,1
2402010,1,1,1,1B4HS58N92F1,999,1,72,2,1,0,R,2,1
2402039,1,1,1,3N1AB7AP3FY3,999,1,89,1,3,1,F,2,1
2402045,1,1,1,KNAGM4A76F55,999,1,129,1,4,4,N,0,2
2402055,1,1,1,1FTEW1E4XKFC,16,1,40,3,1,1,F,2,1
2402057,1,1,1,KMHLS4AG2PU5,999,1,48,1,1,0,F,1,1
2402061,1,1,1,1FALP45X0VF1,18,1,40,1,1,1,F,1,1
2402071,1,1,1,3C6MRVJG7ME5,17,1,40,4,1,1,F,1,1
2402077,1,1,1,1N4BL4BV1RN3,999,1,113,1,2,0,F,2,1
2402095,2,2,2,1GCRYBEH4LZ2,19,1,80,3,1,0,F,1,1
2402095,2,2,2,1GCRYBEH4LZ2,19,1,80,3,1,0,F,1,1
2402095,2,2,2,1GCRYBEH4LZ2,19,1,999,3,1,0,F,1,1
2402095,2,2,2,1GCRYBEH4LZ2,19,1,999,3,1,0,F,1,1
2402095,2,2,2,1GCRYBEH4LZ2,19,0,80,3,1,0,F,1,1
2402095,2,2,2,1GCRYBEH4LZ2,19,0,80,3,1,0,F,1,1
2402095,2,2,2,1GCRYBEH4LZ2,19,0,999,3,1,0,F,1,1
2402095,2,2,2,1GCRYBEH4LZ2,19,0,999,3,1,0,F,1,1
2402095,2,2,2,1GCRYBEH4LZ2,999,1,80,3,1,0,F,1,1
2402095,2,2,2,1GCRYBEH4LZ2,999,1,80,3,1,0,F,1,1
2402095,2,2,2,1GCRYBEH4LZ2,999,1,999,3,1,0,F,1,1
2402095,2,2,2,1GCRYBEH4LZ2,999,1,999,3,1,0,F,1,1
2402095,2,2,2,1GCRYBEH4LZ2,999,0,80,3,1,0,F,1,1
2402095,2,2,2,1GCRYBEH4LZ2,999,0,80,3,1,0,F,1,1
2402095,2,2,2,1GCRYBEH4LZ2,999,0,999,3,1,0,F,1,1
2402095,2,2,2,1GCRYBEH4LZ2,999,0,999,3,1,0,F,1,1
2402095,2,2,2,1GTDT19X7381,19,1,80,3,1,0,F,1,1
2402095,2,2,2,1GTDT19X7381,19,1,80,3,1,0,F,1,1
2402095,2,2,2,1GTDT19X7381,19,1,999,3,1,0,F,1,1
2402095,2,2,2,1GTDT19X7381,19,1,999,3,1,0,F,1,1
2402095,2,2,2,1GTDT19X7381,19,0,80,3,1,0,F,1,1
2402095,2,2,2,1GTDT19X7381,19,0,80,3,1,0,F,1,1
2402095,2,2,2,1GTDT19X7381,19,0,999,3,1,0,F,1,1
2402095,2,2,2,1GTDT19X7381,19,0,999,3,1,0,F,1,1
2402095,2,2,2,1GTDT19X7381,999,1,80,3,1,0,F,1,1
2402095,2,2,2,1GTDT19X7381,999,1,80,3,1,0,F,1,1
2402095,2,2,2,1GTDT19X7381,999,1,999,3,1,0,F,1,1
2402095,2,2,2,1GTDT19X7381,999,1,999,3,1,0,F,1,1
2402095,2,2,2,1GTDT19X7381,999,0,80,3,1,0,F,1,1
2402095,2,2,2,1GTDT19X7381,999,0,80,3,1,0,F,1,1
2402095,2,2,2,1GTDT19X7381,999,0,999,3,1,0,F,1,1
2402095,2,2,2,1GTDT19X7381,999,0,999,3,1,0,F,1,1
2402100,1,1,1,1HGCV1F47LA0,999,1,56,1,1,1,F,2,1
2402102,1,4,5,1NXBU4EEXAZ2,999,1,56,1,1,1,F,2,1
2402109,1,1,1,4T3RWRFV5PU0,38,1,64,2,1,1,F,1,1
2402110,1,1,1,3VV2B7AX7JM2,999,1,48,2,1,1,F,1,1
2402116,1,2,2,5XYK33AF3PG1,999,2,113,2,4,2,T,1,1
2402122,1,1,1,1C4NJDBB8FD3,999,1,56,1,1,1,F,2,1
2402127,1,1,1,1GCUDEEL2NZ5,999,1,40,3,1,1,F,1,1
2402132,1,1,1,1C4PJLCS4EW3,999,1,89,2,2,2,F,2,1
2402133,1,1,1,KL8CD6SA4GC5,999,1,89,1,1,1,F,2,1
2402134,1,1,1,1C4BJWDG2GL3,999,2,89,2,1,1,T,2,1
2402136,1,1,1,1C4RDJAG7HC6,999,1,89,2,2,2,F,1,1
2402144,1,1,1,YV4A22PL1N18,999,1,40,2,1,0,R,1,1
2402150,4,1,1,3B7KF26Z8XM5,999,1,72,3,1,0,F,1,1
2402156,1,1,1,5XYPK4A59KG5,999,1,40,2,1,1,F,2,1
2402165,1,8,1,2GNAXSEV3L61,999,1,113,2,1,1,F,1,1
2402174,1,1,1,1D7HU16N85J5,68,1,80,3,1,1,F,1,1
2402186,1,1,1,5FNRL5H96FB1,999,1,48,4,1,1,F,1,1
2402206,1,1,1,KNDJ23AU1L77,33,1,56,1,2,0,F,1,1
2402206,1,1,1,KNDJ23AU1L77,33,1,56,1,2,0,F,1,1
2402206,1,1,1,KNDJ23AU1L77,33,1,999,1,2,0,F,1,1
2402206,1,1,1,KNDJ23AU1L77,33,1,999,1,2,0,F,1,1
2402206,1,1,1,KNDJ23AU1L77,33,0,56,1,2,0,F,1,1
2402206,1,1,1,KNDJ23AU1L77,33,0,56,1,2,0,F,1,1
2402206,1,1,1,KNDJ23AU1L77,33,0,999,1,2,0,F,1,1
2402206,1,1,1,KNDJ23AU1L77,33,0,999,1,2,0,F,1,1
2402206,1,1,1,KNDJ23AU1L77,999,1,56,1,2,0,F,1,1
2402206,1,1,1,KNDJ23AU1L77,999,1,56,1,2,0,F,1,1
2402206,1,1,1,KNDJ23AU1L77,999,1,999,1,2,0,F,1,1
2402206,1,1,1,KNDJ23AU1L77,999,1,999,1,2,0,F,1,1
2402206,1,1,1,KNDJ23AU1L77,999,0,56,1,2,0,F,1,1
2402206,1,1,1,KNDJ23AU1L77,999,0,56,1,2,0,F,1,1
2402206,1,1,1,KNDJ23AU1L77,999,0,999,1,2,0,F,1,1
2402206,1,1,1,KNDJ23AU1L77,999,0,999,1,2,0,F,1,1
2402206,1,1,1,2B3CJ4DV3AH2,33,1,56,1,2,0,F,1,1
2402206,1,1,1,2B3CJ4DV3AH2,33,1,56,1,2,0,F,1,1
2402206,1,1,1,2B3CJ4DV3AH2,33,1,999,1,2,0,F,1,1
2402206,1,1,1,2B3CJ4DV3AH2,33,1,999,1,2,0,F,1,1
2402206,1,1,1,2B3CJ4DV3AH2,33,0,56,1,2,0,F,1,1
2402206,1,1,1,2B3CJ4DV3AH2,33,0,56,1,2,0,F,1,1
2402206,1,1,1,2B3CJ4DV3AH2,33,0,999,1,2,0,F,1,1
2402206,1,1,1,2B3CJ4DV3AH2,33,0,999,1,2,0,F,1,1
2402206,1,1,1,2B3CJ4DV3AH2,999,1,56,1,2,0,F,1,1
2402206,1,1,1,2B3CJ4DV3AH2,999,1,56,1,2,0,F,1,1
2402206,1,1,1,2B3CJ4DV3AH2,999,1,999,1,2,0,F,1,1
2402206,1,1,1,2B3CJ4DV3AH2,999,1,999,1,2,0,F,1,1
2402206,1,1,1,2B3CJ4DV3AH2,999,0,56,1,2,0,F,1,1
2402206,1,1,1,2B3CJ4DV3AH2,999,0,56,1,2,0,F,1,1
2402206,1,1,1,2B3CJ4DV3AH2,999,0,999,1,2,0,F,1,1
2402206,1,1,1,2B3CJ4DV3AH2,999,0,999,1,2,0,F,1,1
2402212,1,2,2,2C3CDXCT8NH1,14,1,89,1,2,0,L,1,1
2402218,1,1,1,1G11B5SL3EF1,999,1,48,1,1,0,F,2,1
2402224,1,1,1,1GCCS14W7281,999,1,64,3,1,0,F,1,1
2402230,1,1,1,2HKRS4H2XRH4,37,1,56,2,1,1,F,1,1
2402245,1,2,2,1HGCV1F14MA1,999,1,64,1,1,1,F,1,1
2402252,1,8,1,WBAWB33597PU,33,1,89,1,2,2,F,1,1
2402255,1,1,1,WDDGF54X69F2,999,2,113,1,3,1,T,1,1
2402268,1,1,1,WBA4J3C51KBL,999,1,89,1,1,1,L,2,1
2402281,1,1,1,KM8K22AA4LU4,999,1,97,2,1,0,F,2,1
2402292,1,2,2,4T1BF1FK3HU4,999,1,40,1,1,0,F,1,1
2402298,1,8,1,1V2HR2CA3PC5,999,1,89,2,1,1,F,2,1
2402330,1,1,1,4S4GUHM61R37,999,2,113,2,1,1,T,1,1
2402332,1,1,1,1FMSK8DHXMGC,999,1,89,2,1,1,F,1,1
2402335,1,1,1,JTDKN3DU8C15,999,1,40,1,1,1,F,1,1
2402335,1,1,1,JTDKN3DU8C15,999,1,40,4,1,1,F,1,1
2402335,1,1,1,JTDKN3DU8C15,999,1,999,1,1,1,F,1,1
2402335,1,1,1,JTDKN3DU8C15,999,1,999,4,1,1,F,1,1
2402335,1,1,1,JTDKN3DU8C15,999,0,40,1,1,1,F,1,1
2402335,1,1,1,JTDKN3DU8C15,999,0,40,4,1,1,F,1,1
2402335,1,1,1,JTDKN3DU8C15,999,0,999,1,1,1,F,1,1
2402335,1,1,1,JTDKN3DU8C15,999,0,999,4,1,1,F,1,1
2402335,1,1,1,JTDKN3DU8C15,999,1,40,1,1,1,F,1,1
2402335,1,1,1,JTDKN3DU8C15,999,1,40,4,1,1,F,1,1
2402335,1,1,1,JTDKN3DU8C15,999,1,999,1,1,1,F,1,1
2402335,1,1,1,JTDKN3DU8C15,999,1,999,4,1,1,F,1,1
2402335,1,1,1,JTDKN3DU8C15,999,0,40,1,1,1,F,1,1
2402335,1,1,1,JTDKN3DU8C15,999,0,40,4,1,1,F,1,1
2402335,1,1,1,JTDKN3DU8C15,999,0,999,1,1,1,F,1,1
2402335,1,1,1,JTDKN3DU8C15,999,0,999,4,1,1,F,1,1
2402335,1,1,1,2P4FP2530TR8,999,1,40,1,1,1,F,1,1
2402335,1,1,1,2P4FP2530TR8,999,1,40,4,1,1,F,1,1
2402335,1,1,1,2P4FP2530TR8,999,1,999,1,1,1,F,1,1
2402335,1,1,1,2P4FP2530TR8,999,1,999,4,1,1,F,1,1
2402335,1,1,1,2P4FP2530TR8,999,0,40,1,1,1,F,1,1
2402335,1,1,1,2P4FP2530TR8,999,0,40,4,1,1,F,1,1
2402335,1,1,1,2P4FP2530TR8,999,0,999,1,1,1,F,1,1
2402335,1,1,1,2P4FP2530TR8,999,0,999,4,1,1,F,1,1
2402335,1,1,1,2P4FP2530TR8,999,1,40,1,1,1,F,1,1
2402335,1,1,1,2P4FP2530TR8,999,1,40,4,1,1,F,1,1
2402335,1,1,1,2P4FP2530TR8,999,1,999,1,1,1,F,1,1
2402335,1,1,1,2P4FP2530TR8,999,1,999,4,1,1,F,1,1
2402335,1,1,1,2P4FP2530TR8,999,0,40,1,1,1,F,1,1
2402335,1,1,1,2P4FP2530TR8,999,0,40,4,1,1,F,1,1
2402335,1,1,1,2P4FP2530TR8,999,0,999,1,1,1,F,1,1
2402335,1,1,1,2P4FP2530TR8,999,0,999,4,1,1,F,1,1
2402335,11,1,1,JTDKN3DU8C15,999,1,40,1,1,1,F,1,1
2402335,11,1,1,JTDKN3DU8C15,999,1,40,4,1,1,F,1,1
2402335,11,1,1,JTDKN3DU8C15,999,1,999,1,1,1,F,1,1
2402335,11,1,1,JTDKN3DU8C15,999,1,999,4,1,1,F,1,1
2402335,11,1,1,JTDKN3DU8C15,999,0,40,1,1,1,F,1,1
2402335,11,1,1,JTDKN3DU8C15,999,0,40,4,1,1,F,1,1
2402335,11,1,1,JTDKN3DU8C15,999,0,999,1,1,1,F,1,1
2402335,11,1,1,JTDKN3DU8C15,999,0,999,4,1,1,F,1,1
2402335,11,1,1,JTDKN3DU8C15,999,1,40,1,1,1,F,1,1
2402335,11,1,1,JTDKN3DU8C15,999,1,40,4,1,1,F,1,1
2402335,11,1,1,JTDKN3DU8C15,999,1,999,1,1,1,F,1,1
2402335,11,1,1,JTDKN3DU8C15,999,1,999,4,1,1,F,1,1
2402335,11,1,1,JTDKN3DU8C15,999,0,40,1,1,1,F,1,1
2402335,11,1,1,JTDKN3DU8C15,999,0,40,4,1,1,F,1,1
2402335,11,1,1,JTDKN3DU8C15,999,0,999,1,1,1,F,1,1
2402335,11,1,1,JTDKN3DU8C15,999,0,999,4,1,1,F,1,1
2402335,11,1,1,2P4FP2530TR8,999,1,40,1,1,1,F,1,1
2402335,11,1,1,2P4FP2530TR8,999,1,40,4,1,1,F,1,1
2402335,11,1,1,2P4FP2530TR8,999,1,999,1,1,1,F,1,1
2402335,11,1,1,2P4FP2530TR8,999,1,999,4,1,1,F,1,1
2402335,11,1,1,2P4FP2530TR8,999,0,40,1,1,1,F,1,1
2402335,11,1,1,2P4FP2530TR8,999,0,40,4,1,1,F,1,1
2402335,11,1,1,2P4FP2530TR8,999,0,999,1,1,1,F,1,1
2402335,11,1,1,2P4FP2530TR8,999,0,999,4,1,1,F,1,1
2402335,11,1,1,2P4FP2530TR8,999,1,40,1,1,1,F,1,1
2402335,11,1,1,2P4FP2530TR8,999,1,40,4,1,1,F,1,1
2402335,11,1,1,2P4FP2530TR8,999,1,999,1,1,1,F,1,1
2402335,11,1,1,2P4FP2530TR8,999,1,999,4,1,1,F,1,1
2402335,11,1,1,2P4FP2530TR8,999,0,40,1,1,1,F,1,1
2402335,11,1,1,2P4FP2530TR8,999,0,40,4,1,1,F,1,1
2402335,11,1,1,2P4FP2530TR8,999,0,999,1,1,1,F,1,1
2402335,11,1,1,2P4FP2530TR8,999,0,999,4,1,1,F,1,1
2402351,1,1,1,KM8R74GE9PU5,16,1,64,2,2,2,F,1,1
2402352,1,2,2,3PCAJ5KR3PF1,999,1,72,2,2,2,F,1,1
2402383,1,1,1,1N4AL3AP3EN3,999,1,48,1,2,1,N,1,2
2402390,1,1,1,3TMDZ5BN5KM0,999,1,89,3,1,1,F,2,1
2402406,1,2,2,JF2SKAEC3NH5,999,2,56,2,4,4,L,1,1
2402427,1,1,1,JF1GPAA69CH2,999,1,999,1,1,0,F,2,1
2402438,1,1,1,1GKKNKLA2LZ2,999,1,40,2,1,1,F,2,1
2402439,1,8,1,2GCEK19T6112,999,1,56,3,1,0,F,1,1
2402451,1,1,1,1N4BL4DW1KC1,999,1,113,1,1,1,F,1,1
2402457,1,1,1,JTHKD5BH2F22,999,1,89,1,1,1,F,2,1
2402457,11,1,1,JTHKD5BH2F22,999,1,89,1,1,1,F,2,1
2402484,1,1,1,1C4RJFAT7CC3,999,2,89,2,1,0,T,1,1
2402490,1,8,1,1GCEK29039Z1,999,1,89,3,1,1,F,1,1
2402507,1,1,1,KMHLP4AG7PU3,27,1,89,1,1,1,F,1,1
2402522,1,2,2,2D4GP44L16R7,999,1,72,4,1,1,F,2,1
2402560,1,1,1,1GCPYCEL2NZ1,999,2,80,3,1,0,T,1,1
2402561,1,1,1,3GYFNCE38DS5,999,1,64,1,2,2,F,2,1
2402566,1,1,1,5FNRL6H71LB0,15,1,97,4,4,2,F,1,1
2402573,11,1,1,5YJ3E1EB0NF3,999,1,121,1,1,1,F,2,1
2402577,1,1,1,2T3F1RFV3LW1,999,1,113,2,1,1,F,2,1
2402592,1,1,1,3VW2K7AJ0BM3,35,1,40,1,2,2,R,1,1
2402601,1,1,1,JM3KFACM1J14,999,2,80,2,1,0,T,1,1
2402602,1,1,1,1N4AL3APXHN3,24,1,48,1,1,0,F,1,1
2402616,1,1,1,KNDPM3AC7N79,61,1,105,2,4,0,F,1,1
2402618,1,1,1,1FDBW2XM3KKA,999,1,89,4,3,2,F,2,1
2402621,1,1,2,5NMS2CAD4KH0,999,1,89,2,1,1,F,2,1
2402623,1,1,1,1HGCM56777A2,999,2,89,1,1,1,T,1,1
2402624,1,1,1,WDDZF4JB7KA6,999,1,105,1,2,2,F,1,1
2402629,1,1,1,1N4BL4CW7KC1,999,1,89,1,1,1,F,1,1
2402631,1,8,1,1HGCV1F42LA1,999,1,32,1,1,1,F,1,1
2402649,1,1,1,5NMP4DGL3RH0,999,1,56,2,1,1,F,2,1
2402660,1,8,1,WA1BNAFY1J20,999,1,40,2,1,1,F,1,1
2402660,1,8,1,WA1BNAFY1J20,999,1,40,2,1,1,F,1,1
2402660,1,8,1,WA1BNAFY1J20,999,1,999,2,1,1,F,1,1
2402660,1,8,1,WA1BNAFY1J20,999,1,999,2,1,1,F,1,1
2402660,1,8,1,WA1BNAFY1J20,999,0,40,2,1,1,F,1,1
2402660,1,8,1,WA1BNAFY1J20,999,0,40,2,1,1,F,1,1
2402660,1,8,1,WA1BNAFY1J20,999,0,999,2,1,1,F,1,1
2402660,1,8,1,WA1BNAFY1J20,999,0,999,2,1,1,F,1,1
2402660,1,8,1,WA1BNAFY1J20,999,1,40,2,1,1,F,1,1
2402660,1,8,1,WA1BNAFY1J20,999,1,40,2,1,1,F,1,1
2402660,1,8,1,WA1BNAFY1J20,999,1,999,2,1,1,F,1,1
2402660,1,8,1,WA1BNAFY1J20,999,1,999,2,1,1,F,1,1
2402660,1,8,1,WA1BNAFY1J20,999,0,40,2,1,1,F,1,1
2402660,1,8,1,WA1BNAFY1J20,999,0,40,2,1,1,F,1,1
2402660,1,8,1,WA1BNAFY1J20,999,0,999,2,1,1,F,1,1
2402660,1,8,1,WA1BNAFY1J20,999,0,999,2,1,1,F,1,1
2402660,1,8,1,1GKFK13007J1,999,1,40,2,1,1,F,1,1
2402660,1,8,1,1GKFK13007J1,999,1,40,2,1,1,F,1,1
2402660,1,8,1,1GKFK13007J1,999,1,999,2,1,1,F,1,1
2402660,1,8,1,1GKFK13007J1,999,1,999,2,1,1,F,1,1
2402660,1,8,1,1GKFK13007J1,999,0,40,2,1,1,F,1,1
2402660,1,8,1,1GKFK13007J1,999,0,40,2,1,1,F,1,1
2402660,1,8,1,1GKFK13007J1,999,0,999,2,1,1,F,1,1
2402660,1,8,1,1GKFK13007J1,999,0,999,2,1,1,F,1,1
2402660,1,8,1,1GKFK13007J1,999,1,40,2,1,1,F,1,1
2402660,1,8,1,1GKFK13007J1,999,1,40,2,1,1,F,1,1
2402660,1,8,1,1GKFK13007J1,999,1,999,2,1,1,F,1,1
2402660,1,8,1,1GKFK13007J1,999,1,999,2,1,1,F,1,1
2402660,1,8,1,1GKFK13007J1,999,0,40,2,1,1,F,1,1
2402660,1,8,1,1GKFK13007J1,999,0,40,2,1,1,F,1,1
2402660,1,8,1,1GKFK13007J1,999,0,999,2,1,1,F,1,1
2402660,1,8,1,1GKFK13007J1,999,0,999,2,1,1,F,1,1
2402670,1,2,2,3MZBPACL0MM2,14,1,129,1,2,2,F,1,1
2402691,1,1,1,3TYSZ5AN7MT0,999,1,72,3,1,1,F,2,1
2402695,1,1,1,5FNYF6H88GB0,999,1,48,2,2,2,L,1,1
2402727,1,1,1,3CZRM3H55GG7,999,1,80,2,3,2,F,1,1
2402728,1,1,1,2GNALBEK1C13,999,1,89,2,1,0,F,1,1
2402729,1,1,1,1G1BE5SM3G73,999,1,89,1,1,1,F,1,1
2402730,1,1,1,1C3CCBCG5EN1,999,1,89,1,1,1,F,2,1
2402731,1,1,2,2C4RC1FG1LR1,999,1,56,4,1,0,L,1,1
2402734,1,1,1,5NPLM4AG6MH0,999,1,80,1,1,1,F,1,1
2402739,1,9,2,1C6SRFHT2MN5,999,1,40,3,1,0,F,2,1
2402741,1,1,1,1J4PN2GK0BW5,999,1,89,2,1,1,F,1,1
2402742,1,2,2,JA4AT3AAXLZ0,999,1,89,2,1,1,T,2,1
2402743,1,1,1,2GKFLSEKXH61,999,1,89,2,1,0,F,2,1
2402752,1,1,1,5N1AT2MN5HC7,36,1,72,1,1,0,F,1,1
2402772,1,1,1,JF2SJADC0GH4,999,1,89,2,2,2,F,2,1
2402804,1,8,1,1D7HA18D14S6,999,1,40,3,1,0,F,2,1
2402813,1,8,1,LRBFXDSA7HD2,999,1,72,2,1,1,F,1,1
2402813,1,8,1,LRBFXDSA7HD2,999,1,72,66,1,1,F,1,1
2402813,1,8,1,LRBFXDSA7HD2,999,1,999,2,1,1,F,1,1
2402813,1,8,1,LRBFXDSA7HD2,999,1,999,66,1,1,F,1,1
2402813,1,8,1,LRBFXDSA7HD2,999,0,72,2,1,1,F,1,1
2402813,1,8,1,LRBFXDSA7HD2,999,0,72,66,1,1,F,1,1
2402813,1,8,1,LRBFXDSA7HD2,999,0,999,2,1,1,F,1,1
2402813,1,8,1,LRBFXDSA7HD2,999,0,999,66,1,1,F,1,1
2402813,1,8,1,LRBFXDSA7HD2,999,1,72,2,1,1,F,1,1
2402813,1,8,1,LRBFXDSA7HD2,999,1,72,66,1,1,F,1,1
2402813,1,8,1,LRBFXDSA7HD2,999,1,999,2,1,1,F,1,1
2402813,1,8,1,LRBFXDSA7HD2,999,1,999,66,1,1,F,1,1
2402813,1,8,1,LRBFXDSA7HD2,999,0,72,2,1,1,F,1,1
2402813,1,8,1,LRBFXDSA7HD2,999,0,72,66,1,1,F,1,1
2402813,1,8,1,LRBFXDSA7HD2,999,0,999,2,1,1,F,1,1
2402813,1,8,1,LRBFXDSA7HD2,999,0,999,66,1,1,F,1,1
2402813,1,8,1,1XPCPP9XXND8,999,1,72,2,1,1,F,1,1
2402813,1,8,1,1XPCPP9XXND8,999,1,72,66,1,1,F,1,1
2402813,1,8,1,1XPCPP9XXND8,999,1,999,2,1,1,F,1,1
2402813,1,8,1,1XPCPP9XXND8,999,1,999,66,1,1,F,1,1
2402813,1,8,1,1XPCPP9XXND8,999,0,72,2,1,1,F,1,1
2402813,1,8,1,1XPCPP9XXND8,999,0,72,66,1,1,F,1,1
2402813,1,8,1,1XPCPP9XXND8,999,0,999,2,1,1,F,1,1
2402813,1,8,1,1XPCPP9XXND8,999,0,999,66,1,1,F,1,1
2402813,1,8,1,1XPCPP9XXND8,999,1,72,2,1,1,F,1,1
2402813,1,8,1,1XPCPP9XXND8,999,1,72,66,1,1,F,1,1
2402813,1,8,1,1XPCPP9XXND8,999,1,999,2,1,1,F,1,1
2402813,1,8,1,1XPCPP9XXND8,999,1,999,66,1,1,F,1,1
2402813,1,8,1,1XPCPP9XXND8,999,0,72,2,1,1,F,1,1
2402813,1,8,1,1XPCPP9XXND8,999,0,72,66,1,1,F,1,1
2402813,1,8,1,1XPCPP9XXND8,999,0,999,2,1,1,F,1,1
2402813,1,8,1,1XPCPP9XXND8,999,0,999,66,1,1,F,1,1
2402814,1,1,1,2LMDJ8JK8DBL,13,1,40,1,0,99,F,2,1
2402819,2,1,1,1FT7W2B67NEE,999,1,89,3,1,1,F,2,1
2402835,1,1,1,1N6ND06S8FC3,999,1,56,3,2,0,F,0,1
2402844,1,1,1,LRBFZSR44PD2,13,1,40,2,2,2,F,1,1
2402844,1,1,1,LRBFZSR44PD2,13,1,40,2,2,2,F,1,1
2402844,1,1,1,LRBFZSR44PD2,13,1,999,2,2,2,F,1,1
2402844,1,1,1,LRBFZSR44PD2,13,1,999,2,2,2,F,1,1
2402844,1,1,1,LRBFZSR44PD2,13,0,40,2,2,2,F,1,1
2402844,1,1,1,LRBFZSR44PD2,13,0,40,2,2,2,F,1,1
2402844,1,1,1,LRBFZSR44PD2,13,0,999,2,2,2,F,1,1
2402844,1,1,1,LRBFZSR44PD2,13,0,999,2,2,2,F,1,1
2402844,1,1,1,LRBFZSR44PD2,999,1,40,2,2,2,F,1,1
2402844,1,1,1,LRBFZSR44PD2,999,1,40,2,2,2,F,1,1
2402844,1,1,1,LRBFZSR44PD2,999,1,999,2,2,2,F,1,1
2402844,1,1,1,LRBFZSR44PD2,999,1,999,2,2,2,F,1,1
2402844,1,1,1,LRBFZSR44PD2,999,0,40,2,2,2,F,1,1
2402844,1,1,1,LRBFZSR44PD2,999,0,40,2,2,2,F,1,1
2402844,1,1,1,LRBFZSR44PD2,999,0,999,2,2,2,F,1,1
2402844,1,1,1,LRBFZSR44PD2,999,0,999,2,2,2,F,1,1
2402844,1,1,1,JF2GPABC4HG2,13,1,40,2,2,2,F,1,1
2402844,1,1,1,JF2GPABC4HG2,13,1,40,2,2,2,F,1,1
2402844,1,1,1,JF2GPABC4HG2,13,1,999,2,2,2,F,1,1
2402844,1,1,1,JF2GPABC4HG2,13,1,999,2,2,2,F,1,1
2402844,1,1,1,JF2GPABC4HG2,13,0,40,2,2,2,F,1,1
2402844,1,1,1,JF2GPABC4HG2,13,0,40,2,2,2,F,1,1
2402844,1,1,1,JF2GPABC4HG2,13,0,999,2,2,2,F,1,1
2402844,1,1,1,JF2GPABC4HG2,13,0,999,2,2,2,F,1,1
2402844,1,1,1,JF2GPABC4HG2,999,1,40,2,2,2,F,1,1
2402844,1,1,1,JF2GPABC4HG2,999,1,40,2,2,2,F,1,1
2402844,1,1,1,JF2GPABC4HG2,999,1,999,2,2,2,F,1,1
2402844,1,1,1,JF2GPABC4HG2,999,1,999,2,2,2,F,1,1
2402844,1,1,1,JF2GPABC4HG2,999,0,40,2,2,2,F,1,1
2402844,1,1,1,JF2GPABC4HG2,999,0,40,2,2,2,F,1,1
2402844,1,1,1,JF2GPABC4HG2,999,0,999,2,2,2,F,1,1
2402844,1,1,1,JF2GPABC4HG2,999,0,999,2,2,2,F,1,1
2402861,1,1,1,JF1GUABC9R83,999,1,48,1,1,1,F,2,1
2402862,1,1,1,3N1AB8CV2PY2,999,1,89,1,2,1,F,1,1
2402862,1,1,1,3N1AB8CV2PY2,999,1,89,2,2,1,F,1,1
2402862,1,1,1,3N1AB8CV2PY2,999,1,999,1,2,1,F,1,1
2402862,1,1,1,3N1AB8CV2PY2,999,1,999,2,2,1,F,1,1
2402862,1,1,1,3N1AB8CV2PY2,999,0,89,1,2,1,F,1,1
2402862,1,1,1,3N1AB8CV2PY2,999,0,89,2,2,1,F,1,1
2402862,1,1,1,3N1AB8CV2PY2,999,0,999,1,2,1,F,1,1
2402862,1,1,1,3N1AB8CV2PY2,999,0,999,2,2,1,F,1,1
2402862,1,1,1,3N1AB8CV2PY2,999,1,89,1,2,1,F,1,1
2402862,1,1,1,3N1AB8CV2PY2,999,1,89,2,2,1,F,1,1
2402862,1,1,1,3N1AB8CV2PY2,999,1,999,1,2,1,F,1,1
2402862,1,1,1,3N1AB8CV2PY2,999,1,999,2,2,1,F,1,1
2402862,1,1,1,3N1AB8CV2PY2,999,0,89,1,2,1,F,1,1
2402862,1,1,1,3N1AB8CV2PY2,999,0,89,2,2,1,F,1,1
2402862,1,1,1,3N1AB8CV2PY2,999,0,999,1,2,1,F,1,1
2402862,1,1,1,3N1AB8CV2PY2,999,0,999,2,2,1,F,1,1
2402862,1,1,1,4M2DU86W04UJ,999,1,89,1,2,1,F,1,1
2402862,1,1,1,4M2DU86W04UJ,999,1,89,2,2,1,F,1,1
2402862,1,1,1,4M2DU86W04UJ,999,1,999,1,2,1,F,1,1
2402862,1,1,1,4M2DU86W04UJ,999,1,999,2,2,1,F,1,1
2402862,1,1,1,4M2DU86W04UJ,999,0,89,1,2,1,F,1,1
2402862,1,1,1,4M2DU86W04UJ,999,0,89,2,2,1,F,1,1
2402862,1,1,1,4M2DU86W04UJ,999,0,999,1,2,1,F,1,1
2402862,1,1,1,4M2DU86W04UJ,999,0,999,2,2,1,F,1,1
2402862,1,1,1,4M2DU86W04UJ,999,1,89,1,2,1,F,1,1
2402862,1,1,1,4M2DU86W04UJ,999,1,89,2,2,1,F,1,1
2402862,1,1,1,4M2DU86W04UJ,999,1,999,1,2,1,F,1,1
2402862,1,1,1,4M2DU86W04UJ,999,1,999,2,2,1,F,1,1
2402862,1,1,1,4M2DU86W04UJ,999,0,89,1,2,1,F,1,1
2402862,1,1,1,4M2DU86W04UJ,999,0,89,2,2,1,F,1,1
2402862,1,1,1,4M2DU86W04UJ,999,0,999,1,2,1,F,1,1
2402862,1,1,1,4M2DU86W04UJ,999,0,999,2,2,1,F,1,1
2402866,1,2,2,3GCPABEK3PG1,999,1,113,3,1,1,F,1,1
2402870,1,1,1,5TDDK3DC1BS0,17,1,72,4,2,1,F,2,1
2402872,1,1,1,2GNFLFEK7G62,999,1,89,2,2,2,F,1,1
2402883,1,1,1,2C3CDZKG0PH5,999,1,97,1,1,1,F,2,1
2402895,1,1,1,JTMRK4DV2B50,999,1,89,2,2,1,F,2,1
2402910,1,1,1,1G1RB6S50HU1,999,1,89,1,1,1,F,2,1
2402910,11,1,1,1G1RB6S50HU1,999,1,89,1,1,1,F,2,1
2402925,1,8,2,2C3CDZAG6MH5,999,1,113,1,1,1,F,1,1
2402927,1,8,2,3C4NJCAB2JT1,999,1,89,1,1,1,U,1,1
2402944,1,1,1,5TDZA22C04S0,999,1,89,4,1,1,F,1,1
2402946,1,1,1,KL79MMS21MB1,999,1,89,2,4,4,F,1,1
2402949,1,1,1,1HGCP2F33AA1,999,1,56,1,1,1,U,2,1
2402971,1,1,1,WA1AUCF30M10,999,1,89,2,3,3,F,2,1
2402983,1,1,1,JA4J3WA85RZ0,999,1,56,2,1,1,F,1,1
2402986,1,1,1,WVWHR7AN1ME0,11,1,113,1,1,1,F,1,1
2402992,1,8,1,5YFBURHE0FP2,999,1,89,1,2,2,F,2,1
2402998,1,1,1,4S4BTADC8N31,999,1,80,2,1,1,F,1,1
2402999,1,1,1,3C4NJDCB5NT2,999,1,89,2,3,3,F,2,1
2403027,2,1,1,2C4RDGCG4JR2,999,1,113,4,1,1,F,1,1
2403032,1,2,2,2G1125S34F92,18,1,56,1,1,1,F,1,1
2403046,1,1,1,3GCPYFED4LG4,999,1,72,3,1,1,F,1,1
2403056,1,1,1,2GCEC19K8M12,999,1,56,3,1,0,F,0,1
2403057,1,8,1,KL79MNSL8PB1,999,1,89,2,1,1,U,2,1
2403062,1,2,2,WBA3B5G54ENS,999,1,40,1,1,0,R,1,1
2403067,1,1,1,5XYZT3LB9HG4,999,2,105,2,2,2,T,1,1
2403080,1,1,1,1C6JJTEG3ML6,999,1,89,3,2,0,F,1,1
2403082,1,1,1,3N1AB8CV7MY3,999,1,113,1,1,1,F,1,1
2403086,1,1,1,2HKRW2H84LH6,999,1,40,2,2,2,F,1,1
2403094,1,1,1,3N1AB7AP2JY3,999,1,64,1,1,1,F,2,1
2403119,1,1,1,KM8J2CA44KU9,999,1,72,2,1,0,F,0,1
2403145,1,1,1,JN8AT2MTXLW0,999,1,48,2,1,1,F,1,1
2403153,1,1,1,3GTU9CED3MG1,999,1,89,3,1,0,F,2,1
2403162,1,1,1,1N4BL4CV9LC2,999,1,48,1,1,0,F,1,1
2403172,1,1,1,JTJHF10U3202,24,1,40,2,2,0,F,1,1
2403172,1,1,1,JTJHF10U3202,24,1,40,2,2,0,F,1,1
2403172,1,1,1,JTJHF10U3202,24,1,999,2,2,0,F,1,1
2403172,1,1,1,JTJHF10U3202,24,1,999,2,2,0,F,1,1
2403172,1,1,1,JTJHF10U3202,24,0,40,2,2,0,F,1,1
2403172,1,1,1,JTJHF10U3202,24,0,40,2,2,0,F,1,1
2403172,1,1,1,JTJHF10U3202,24,0,999,2,2,0,F,1,1
2403172,1,1,1,JTJHF10U3202,24,0,999,2,2,0,F,1,1
2403172,1,1,1,JTJHF10U3202,999,1,40,2,2,0,F,1,1
2403172,1,1,1,JTJHF10U3202,999,1,40,2,2,0,F,1,1
2403172,1,1,1,JTJHF10U3202,999,1,999,2,2,0,F,1,1
2403172,1,1,1,JTJHF10U3202,999,1,999,2,2,0,F,1,1
2403172,1,1,1,JTJHF10U3202,999,0,40,2,2,0,F,1,1
2403172,1,1,1,JTJHF10U3202,999,0,40,2,2,0,F,1,1
2403172,1,1,1,JTJHF10U3202,999,0,999,2,2,0,F,1,1
2403172,1,1,1,JTJHF10U3202,999,0,999,2,2,0,F,1,1
2403172,1,1,1,5N1AN08W19C5,24,1,40,2,2,0,F,1,1
2403172,1,1,1,5N1AN08W19C5,24,1,40,2,2,0,F,1,1
2403172,1,1,1,5N1AN08W19C5,24,1,999,2,2,0,F,1,1
2403172,1,1,1,5N1AN08W19C5,24,1,999,2,2,0,F,1,1
2403172,1,1,1,5N1AN08W19C5,24,0,40,2,2,0,F,1,1
2403172,1,1,1,5N1AN08W19C5,24,0,40,2,2,0,F,1,1
2403172,1,1,1,5N1AN08W19C5,24,0,999,2,2,0,F,1,1
2403172,1,1,1,5N1AN08W19C5,24,0,999,2,2,0,F,1,1
2403172,1,1,1,5N1AN08W19C5,999,1,40,2,2,0,F,1,1
2403172,1,1,1,5N1AN08W19C5,999,1,40,2,2,0,F,1,1
2403172,1,1,1,5N1AN08W19C5,999,1,999,2,2,0,F,1,1
2403172,1,1,1,5N1AN08W19C5,999,1,999,2,2,0,F,1,1
2403172,1,1,1,5N1AN08W19C5,999,0,40,2,2,0,F,1,1
2403172,1,1,1,5N1AN08W19C5,999,0,40,2,2,0,F,1,1
2403172,1,1,1,5N1AN08W19C5,999,0,999,2,2,0,F,1,1
2403172,1,1,1,5N1AN08W19C5,999,0,999,2,2,0,F,1,1
2403184,1,8,1,1FMCU9G65NUB,999,1,113,2,2,2,F,1,1
2403212,1,1,1,5J8TB4H50EL0,999,1,64,2,1,1,T,2,1
2403215,1,1,1,1GCVKREH5JZ1,999,1,48,3,1,1,F,1,1
2403215,1,1,1,1GCVKREH5JZ1,999,1,48,67,1,1,F,1,1
2403215,1,1,1,1GCVKREH5JZ1,999,1,999,3,1,1,F,1,1
2403215,1,1,1,1GCVKREH5JZ1,999,1,999,67,1,1,F,1,1
2403215,1,1,1,1GCVKREH5JZ1,999,0,48,3,1,1,F,1,1
2403215,1,1,1,1GCVKREH5JZ1,999,0,48,67,1,1,F,1,1
2403215,1,1,1,1GCVKREH5JZ1,999,0,999,3,1,1,F,1,1
2403215,1,1,1,1GCVKREH5JZ1,999,0,999,67,1,1,F,1,1
2403215,1,1,1,1GCVKREH5JZ1,999,1,48,3,1,1,F,1,1
2403215,1,1,1,1GCVKREH5JZ1,999,1,48,67,1,1,F,1,1
2403215,1,1,1,1GCVKREH5JZ1,999,1,999,3,1,1,F,1,1
2403215,1,1,1,1GCVKREH5JZ1,999,1,999,67,1,1,F,1,1
2403215,1,1,1,1GCVKREH5JZ1,999,0,48,3,1,1,F,1,1
2403215,1,1,1,1GCVKREH5JZ1,999,0,48,67,1,1,F,1,1
2403215,1,1,1,1GCVKREH5JZ1,999,0,999,3,1,1,F,1,1
2403215,1,1,1,1GCVKREH5JZ1,999,0,999,67,1,1,F,1,1
2403215,1,1,1,3C63R3CLXMG5,999,1,48,3,1,1,F,1,1
2403215,1,1,1,3C63R3CLXMG5,999,1,48,67,1,1,F,1,1
2403215,1,1,1,3C63R3CLXMG5,999,1,999,3,1,1,F,1,1
2403215,1,1,1,3C63R3CLXMG5,999,1,999,67,1,1,F,1,1
2403215,1,1,1,3C63R3CLXMG5,999,0,48,3,1,1,F,1,1
2403215,1,1,1,3C63R3CLXMG5,999,0,48,67,1,1,F,1,1
2403215,1,1,1,3C63R3CLXMG5,999,0,999,3,1,1,F,1,1
2403215,1,1,1,3C63R3CLXMG5,999,0,999,67,1,1,F,1,1
2403215,1,1,1,3C63R3CLXMG5,999,1,48,3,1,1,F,1,1
2403215,1,1,1,3C63R3CLXMG5,999,1,48,67,1,1,F,1,1
2403215,1,1,1,3C63R3CLXMG5,999,1,999,3,1,1,F,1,1
2403215,1,1,1,3C63R3CLXMG5,999,1,999,67,1,1,F,1,1
2403215,1,1,1,3C63R3CLXMG5,999,0,48,3,1,1,F,1,1
2403215,1,1,1,3C63R3CLXMG5,999,0,48,67,1,1,F,1,1
2403215,1,1,1,3C63R3CLXMG5,999,0,999,3,1,1,F,1,1
2403215,1,1,1,3C63R3CLXMG5,999,0,999,67,1,1,F,1,1
2403217,1,1,1,ZACNJCBB6MPN,10,1,89,2,1,1,L,1,1
2403233,1,1,1,2C3CDXCTXKH5,999,1,89,1,2,0,F,1,1
2403235,1,1,1,1ZVFT82H5651,999,1,89,1,1,1,F,2,1
2403250,1,1,1,WBAUU3C52AA5,999,1,40,1,1,0,F,1,1
2403257,1,1,1,JF2GTDNC8KH2,999,1,89,2,1,1,F,2,1
2403257,11,1,1,JF2GTDNC8KH2,999,1,89,2,1,1,F,2,1
2403260,1,2,2,1FATP8FF0F54,999,1,113,1,2,2,F,1,1
2403262,1,1,1,JTDDPMAEXMJ1,12,1,48,1,1,1,F,2,1
2403262,1,1,1,JTDDPMAEXMJ1,12,1,48,1,1,1,F,2,1
2403262,1,1,1,JTDDPMAEXMJ1,12,1,999,1,1,1,F,2,1
2403262,1,1,1,JTDDPMAEXMJ1,12,1,999,1,1,1,F,2,1
2403262,1,1,1,JTDDPMAEXMJ1,12,0,48,1,1,1,F,2,1
2403262,1,1,1,JTDDPMAEXMJ1,12,0,48,1,1,1,F,2,1
2403262,1,1,1,JTDDPMAEXMJ1,12,0,999,1,1,1,F,2,1
2403262,1,1,1,JTDDPMAEXMJ1,12,0,999,1,1,1,F,2,1
2403262,1,1,1,JTDDPMAEXMJ1,999,1,48,1,1,1,F,2,1
2403262,1,1,1,JTDDPMAEXMJ1,999,1,48,1,1,1,F,2,1
2403262,1,1,1,JTDDPMAEXMJ1,999,1,999,1,1,1,F,2,1
2403262,1,1,1,JTDDPMAEXMJ1,999,1,999,1,1,1,F,2,1
2403262,1,1,1,JTDDPMAEXMJ1,999,0,48,1,1,1,F,2,1
2403262,1,1,1,JTDDPMAEXMJ1,999,0,48,1,1,1,F,2,1
2403262,1,1,1,JTDDPMAEXMJ1,999,0,999,1,1,1,F,2,1
2403262,1,1,1,JTDDPMAEXMJ1,999,0,999,1,1,1,F,2,1
2403262,1,1,1,1G1ZD5ST6PF1,12,1,48,1,1,1,F,2,1
2403262,1,1,1,1G1ZD5ST6PF1,12,1,48,1,1,1,F,2,1
2403262,1,1,1,1G1ZD5ST6PF1,12,1,999,1,1,1,F,2,1
2403262,1,1,1,1G1ZD5ST6PF1,12,1,999,1,1,1,F,2,1
2403262,1,1,1,1G1ZD5ST6PF1,12,0,48,1,1,1,F,2,1
2403262,1,1,1,1G1ZD5ST6PF1,12,0,48,1,1,1,F,2,1
2403262,1,1,1,1G1ZD5ST6PF1,12,0,999,1,1,1,F,2,1
2403262,1,1,1,1G1ZD5ST6PF1,12,0,999,1,1,1,F,2,1
2403262,1,1,1,1G1ZD5ST6PF1,999,1,48,1,1,1,F,2,1
2403262,1,1,1,1G1ZD5ST6PF1,999,1,48,1,1,1,F,2,1
2403262,1,1,1,1G1ZD5ST6PF1,999,1,999,1,1,1,F,2,1
2403262,1,1,1,1G1ZD5ST6PF1,999,1,999,1,1,1,F,2,1
2403262,1,1,1,1G1ZD5ST6PF1,999,0,48,1,1,1,F,2,1
2403262,1,1,1,1G1ZD5ST6PF1,999,0,48,1,1,1,F,2,1
2403262,1,1,1,1G1ZD5ST6PF1,999,0,999,1,1,1,F,2,1
2403262,1,1,1,1G1ZD5ST6PF1,999,0,999,1,1,1,F,2,1
2403282,1,1,1,NM0LS7F28L14,28,1,64,4,1,1,F,1,1
2403293,1,1,1,5TFUY5F12KX8,999,1,40,3,1,1,F,2,1
2403296,1,1,1,JF1GPAL63D28,23,1,113,1,1,1,F,2,1
2403296,1,1,1,JF1GPAL63D28,23,1,113,1,1,1,F,2,1
2403296,1,1,1,JF1GPAL63D28,23,1,999,1,1,1,F,2,1
2403296,1,1,1,JF1GPAL63D28,23,1,999,1,1,1,F,2,1
2403296,1,1,1,JF1GPAL63D28,23,0,113,1,1,1,F,2,1
2403296,1,1,1,JF1GPAL63D28,23,0,113,1,1,1,F,2,1
2403296,1,1,1,JF1GPAL63D28,23,0,999,1,1,1,F,2,1
2403296,1,1,1,JF1GPAL63D28,23,0,999,1,1,1,F,2,1
2403296,1,1,1,JF1GPAL63D28,999,1,113,1,1,1,F,2,1
2403296,1,1,1,JF1GPAL63D28,999,1,113,1,1,1,F,2,1
2403296,1,1,1,JF1GPAL63D28,999,1,999,1,1,1,F,2,1
2403296,1,1,1,JF1GPAL63D28,999,1,999,1,1,1,F,2,1
2403296,1,1,1,JF1GPAL63D28,999,0,113,1,1,1,F,2,1
2403296,1,1,1,JF1GPAL63D28,999,0,113,1,1,1,F,2,1
2403296,1,1,1,JF1GPAL63D28,999,0,999,1,1,1,F,2,1
2403296,1,1,1,JF1GPAL63D28,999,0,999,1,1,1,F,2,1
2403296,1,1,1,3FA6P0HR5DR2,23,1,113,1,1,1,F,2,1
2403296,1,1,1,3FA6P0HR5DR2,23,1,113,1,1,1,F,2,1
2403296,1,1,1,3FA6P0HR5DR2,23,1,999,1,1,1,F,2,1
2403296,1,1,1,3FA6P0HR5DR2,23,1,999,1,1,1,F,2,1
2403296,1,1,1,3FA6P0HR5DR2,23,0,113,1,1,1,F,2,1
2403296,1,1,1,3FA6P0HR5DR2,23,0,113,1,1,1,F,2,1
2403296,1,1,1,3FA6P0HR5DR2,23,0,999,1,1,1,F,2,1
2403296,1,1,1,3FA6P0HR5DR2,23,0,999,1,1,1,F,2,1
2403296,1,1,1,3FA6P0HR5DR2,999,1,113,1,1,1,F,2,1
2403296,1,1,1,3FA6P0HR5DR2,999,1,113,1,1,1,F,2,1
2403296,1,1,1,3FA6P0HR5DR2,999,1,999,1,1,1,F,2,1
2403296,1,1,1,3FA6P0HR5DR2,999,1,999,1,1,1,F,2,1
2403296,1,1,1,3FA6P0HR5DR2,999,0,113,1,1,1,F,2,1
2403296,1,1,1,3FA6P0HR5DR2,999,0,113,1,1,1,F,2,1
2403296,1,1,1,3FA6P0HR5DR2,999,0,999,1,1,1,F,2,1
2403296,1,1,1,3FA6P0HR5DR2,999,0,999,1,1,1,F,2,1
2403308,1,1,1,1G1FB1RS7G01,999,1,64,1,1,1,F,1,1
2403327,1,1,1,1C3CDFBA8DD1,999,1,89,1,1,0,F,2,1
2403332,4,8,1,3VWLL7AJ6CM3,999,1,89,1,1,0,F,1,1
2403337,1,1,1,2T3G1RFV5MC1,999,1,113,2,1,1,F,1,1
2403357,1,1,1,JA4J4VA83NZ0,999,1,40,2,1,1,F,1,1
2403357,1,1,1,JA4J4VA83NZ0,999,1,40,2,1,1,F,1,1
2403357,1,1,1,JA4J4VA83NZ0,999,1,999,2,1,1,F,1,1
2403357,1,1,1,JA4J4VA83NZ0,999,1,999,2,1,1,F,1,1
2403357,1,1,1,JA4J4VA83NZ0,999,0,40,2,1,1,F,1,1
2403357,1,1,1,JA4J4VA83NZ0,999,0,40,2,1,1,F,1,1
2403357,1,1,1,JA4J4VA83NZ0,999,0,999,2,1,1,F,1,1
2403357,1,1,1,JA4J4VA83NZ0,999,0,999,2,1,1,F,1,1
2403357,1,1,1,JA4J4VA83NZ0,999,1,40,2,1,1,F,1,1
2403357,1,1,1,JA4J4VA83NZ0,999,1,40,2,1,1,F,1,1
2403357,1,1,1,JA4J4VA83NZ0,999,1,999,2,1,1,F,1,1
2403357,1,1,1,JA4J4VA83NZ0,999,1,999,2,1,1,F,1,1
2403357,1,1,1,JA4J4VA83NZ0,999,0,40,2,1,1,F,1,1
2403357,1,1,1,JA4J4VA83NZ0,999,0,40,2,1,1,F,1,1
2403357,1,1,1,JA4J4VA83NZ0,999,0,999,2,1,1,F,1,1
2403357,1,1,1,JA4J4VA83NZ0,999,0,999,2,1,1,F,1,1
2403357,1,1,1,JTEBU5JR2D51,999,1,40,2,1,1,F,1,1
2403357,1,1,1,JTEBU5JR2D51,999,1,40,2,1,1,F,1,1
2403357,1,1,1,JTEBU5JR2D51,999,1,999,2,1,1,F,1,1
2403357,1,1,1,JTEBU5JR2D51,999,1,999,2,1,1,F,1,1
2403357,1,1,1,JTEBU5JR2D51,999,0,40,2,1,1,F,1,1
2403357,1,1,1,JTEBU5JR2D51,999,0,40,2,1,1,F,1,1
2403357,1,1,1,JTEBU5JR2D51,999,0,999,2,1,1,F,1,1
2403357,1,1,1,JTEBU5JR2D51,999,0,999,2,1,1,F,1,1
2403357,1,1,1,JTEBU5JR2D51,999,1,40,2,1,1,F,1,1
2403357,1,1,1,JTEBU5JR2D51,999,1,40,2,1,1,F,1,1
2403357,1,1,1,JTEBU5JR2D51,999,1,999,2,1,1,F,1,1
2403357,1,1,1,JTEBU5JR2D51,999,1,999,2,1,1,F,1,1
2403357,1,1,1,JTEBU5JR2D51,999,0,40,2,1,1,F,1,1
2403357,1,1,1,JTEBU5JR2D51,999,0,40,2,1,1,F,1,1
2403357,1,1,1,JTEBU5JR2D51,999,0,999,2,1,1,F,1,1
2403357,1,1,1,JTEBU5JR2D51,999,0,999,2,1,1,F,1,1
2403365,1,2,2,1G1NE52J92M6,999,2,89,1,2,2,L,2,1
2403366,1,1,1,1FMCU9GN2PUA,999,1,89,2,1,1,F,1,1
2403368,1,8,1,1C6SRFNT3NN4,999,1,89,3,1,1,F,1,1
2403373,1,1,1,1C4RJFBG2JC2,999,2,113,2,3,3,R,1,1
2403381,1,1,1,1C4RJFBG8KC7,999,1,56,2,1,1,F,2,1
2403395,1,1,1,3GNFK16T3YG1,999,2,113,2,1,1,T,2,1
2403398,1,1,1,KMHCF35G12U2,999,1,56,1,3,0,F,2,1
2403411,1,1,1,2HKRS4H40RH4,37,1,56,2,1,1,F,1,1
2403417,2,8,1,1GCEC19018Z1,999,1,113,3,1,1,F,1,1
2403418,1,1,1,1HGCV2F34MA0,70,1,89,1,1,1,F,1,1
2403419,1,1,1,1N4AL3AP0JC1,42,1,97,1,1,0,F,1,1
2403428,1,8,1,1N4AL2AP0CN4,999,1,64,1,1,0,F,2,1
2403450,1,1,1,2B3CA3CV8AH2,999,1,89,1,1,1,R,1,1
2403463,1,2,2,WA1FVAF16KD0,8,1,105,2,1,0,B,2,1
2403467,1,1,1,4S3BWAN69L30,999,1,40,1,2,1,L,1,1
2403467,1,1,1,4S3BWAN69L30,999,1,40,1,2,1,L,1,1
2403467,1,1,1,4S3BWAN69L30,999,1,999,1,2,1,L,1,1
2403467,1,1,1,4S3BWAN69L30,999,1,999,1,2,1,L,1,1
2403467,1,1,1,4S3BWAN69L30,999,0,40,1,2,1,L,1,1
2403467,1,1,1,4S3BWAN69L30,999,0,40,1,2,1,L,1,1
2403467,1,1,1,4S3BWAN69L30,999,0,999,1,2,1,L,1,1
2403467,1,1,1,4S3BWAN69L30,999,0,999,1,2,1,L,1,1
2403467,1,1,1,4S3BWAN69L30,999,1,40,1,2,1,L,1,1
2403467,1,1,1,4S3BWAN69L30,999,1,40,1,2,1,L,1,1
2403467,1,1,1,4S3BWAN69L30,999,1,999,1,2,1,L,1,1
2403467,1,1,1,4S3BWAN69L30,999,1,999,1,2,1,L,1,1
2403467,1,1,1,4S3BWAN69L30,999,0,40,1,2,1,L,1,1
2403467,1,1,1,4S3BWAN69L30,999,0,40,1,2,1,L,1,1
2403467,1,1,1,4S3BWAN69L30,999,0,999,1,2,1,L,1,1
2403467,1,1,1,4S3BWAN69L30,999,0,999,1,2,1,L,1,1
2403467,1,1,1,1LNLM81W4VY7,999,1,40,1,2,1,L,1,1
2403467,1,1,1,1LNLM81W4VY7,999,1,40,1,2,1,L,1,1
2403467,1,1,1,1LNLM81W4VY7,999,1,999,1,2,1,L,1,1
2403467,1,1,1,1LNLM81W4VY7,999,1,999,1,2,1,L,1,1
2403467,1,1,1,1LNLM81W4VY7,999,0,40,1,2,1,L,1,1
2403467,1,1,1,1LNLM81W4VY7,999,0,40,1,2,1,L,1,1
2403467,1,1,1,1LNLM81W4VY7,999,0,999,1,2,1,L,1,1
2403467,1,1,1,1LNLM81W4VY7,999,0,999,1,2,1,L,1,1
2403467,1,1,1,1LNLM81W4VY7,999,1,40,1,2,1,L,1,1
2403467,1,1,1,1LNLM81W4VY7,999,1,40,1,2,1,L,1,1
2403467,1,1,1,1LNLM81W4VY7,999,1,999,1,2,1,L,1,1
2403467,1,1,1,1LNLM81W4VY7,999,1,999,1,2,1,L,1,1
2403467,1,1,1,1LNLM81W4VY7,999,0,40,1,2,1,L,1,1
2403467,1,1,1,1LNLM81W4VY7,999,0,40,1,2,1,L,1,1
2403467,1,1,1,1LNLM81W4VY7,999,0,999,1,2,1,L,1,1
2403467,1,1,1,1LNLM81W4VY7,999,0,999,1,2,1,L,1,1
2403476,1,1,1,KL8CD6SA7MC7,39,1,89,1,1,1,F,1,1
2403489,1,1,1,3FTTW8H39RRA,999,1,64,3,1,1,F,1,1
2403489,11,1,1,3FTTW8H39RRA,999,1,64,3,1,1,F,1,1
2403491,1,1,1,3MW5R1J04L8B,999,1,48,1,1,1,F,1,1
2403494,1,1,1,KNDMB5C17H62,999,1,105,4,3,3,U,1,1
2403496,1,8,1,JF2SKAPC7PH5,999,2,129,2,1,1,R,1,1
2403498,1,1,1,JN1AY1AP7FM1,999,1,113,1,1,1,R,1,1
2403499,1,8,2,1FTFX1L54RKD,16,1,56,3,1,1,F,1,1
2403503,1,1,1,4M2EN4HE7AUJ,999,1,64,2,1,0,F,2,1
2403503,1,1,1,4M2EN4HE7AUJ,999,1,64,3,1,0,F,2,1
2403503,1,1,1,4M2EN4HE7AUJ,999,1,999,2,1,0,F,2,1
2403503,1,1,1,4M2EN4HE7AUJ,999,1,999,3,1,0,F,2,1
2403503,1,1,1,4M2EN4HE7AUJ,999,0,64,2,1,0,F,2,1
2403503,1,1,1,4M2EN4HE7AUJ,999,0,64,3,1,0,F,2,1
2403503,1,1,1,4M2EN4HE7AUJ,999,0,999,2,1,0,F,2,1
2403503,1,1,1,4M2EN4HE7AUJ,999,0,999,3,1,0,F,2,1
2403503,1,1,1,4M2EN4HE7AUJ,999,1,64,2,1,0,F,2,1
2403503,1,1,1,4M2EN4HE7AUJ,999,1,64,3,1,0,F,2,1
2403503,1,1,1,4M2EN4HE7AUJ,999,1,999,2,1,0,F,2,1
2403503,1,1,1,4M2EN4HE7AUJ,999,1,999,3,1,0,F,2,1
2403503,1,1,1,4M2EN4HE7AUJ,999,0,64,2,1,0,F,2,1
2403503,1,1,1,4M2EN4HE7AUJ,999,0,64,3,1,0,F,2,1
2403503,1,1,1,4M2EN4HE7AUJ,999,0,999,2,1,0,F,2,1
2403503,1,1,1,4M2EN4HE7AUJ,999,0,999,3,1,0,F,2,1
2403503,1,1,1,3FTNF21L44MA,999,1,64,2,1,0,F,2,1
2403503,1,1,1,3FTNF21L44MA,999,1,64,3,1,0,F,2,1
2403503,1,1,1,3FTNF21L44MA,999,1,999,2,1,0,F,2,1
2403503,1,1,1,3FTNF21L44MA,999,1,999,3,1,0,F,2,1
2403503,1,1,1,3FTNF21L44MA,999,0,64,2,1,0,F,2,1
2403503,1,1,1,3FTNF21L44MA,999,0,64,3,1,0,F,2,1
2403503,1,1,1,3FTNF21L44MA,999,0,999,2,1,0,F,2,1
2403503,1,1,1,3FTNF21L44MA,999,0,999,3,1,0,F,2,1
2403503,1,1,1,3FTNF21L44MA,999,1,64,2,1,0,F,2,1
2403503,1,1,1,3FTNF21L44MA,999,1,64,3,1,0,F,2,1
2403503,1,1,1,3FTNF21L44MA,999,1,999,2,1,0,F,2,1
2403503,1,1,1,3FTNF21L44MA,999,1,999,3,1,0,F,2,1
2403503,1,1,1,3FTNF21L44MA,999,0,64,2,1,0,F,2,1
2403503,1,1,1,3FTNF21L44MA,999,0,64,3,1,0,F,2,1
2403503,1,1,1,3FTNF21L44MA,999,0,999,2,1,0,F,2,1
2403503,1,1,1,3FTNF21L44MA,999,0,999,3,1,0,F,2,1
2403504,4,1,8,1C6SRFLM1MN8,27,1,40,3,2,2,F,1,1
2403511,1,1,1,3C4NJDDB0MT5,19,1,40,2,1,1,F,1,1
2403511,1,1,1,3C4NJDDB0MT5,19,1,40,2,1,1,F,1,1
2403511,1,1,1,3C4NJDDB0MT5,19,1,999,2,1,1,F,1,1
2403511,1,1,1,3C4NJDDB0MT5,19,1,999,2,1,1,F,1,1
2403511,1,1,1,3C4NJDDB0MT5,19,0,40,2,1,1,F,1,1
2403511,1,1,1,3C4NJDDB0MT5,19,0,40,2,1,1,F,1,1
2403511,1,1,1,3C4NJDDB0MT5,19,0,999,2,1,1,F,1,1
2403511,1,1,1,3C4NJDDB0MT5,19,0,999,2,1,1,F,1,1
2403511,1,1,1,3C4NJDDB0MT5,999,1,40,2,1,1,F,1,1
2403511,1,1,1,3C4NJDDB0MT5,999,1,40,2,1,1,F,1,1
2403511,1,1,1,3C4NJDDB0MT5,999,1,999,2,1,1,F,1,1
2403511,1,1,1,3C4NJDDB0MT5,999,1,999,2,1,1,F,1,1
2403511,1,1,1,3C4NJDDB0MT5,999,0,40,2,1,1,F,1,1
2403511,1,1,1,3C4NJDDB0MT5,999,0,40,2,1,1,F,1,1
2403511,1,1,1,3C4NJDDB0MT5,999,0,999,2,1,1,F,1,1
2403511,1,1,1,3C4NJDDB0MT5,999,0,999,2,1,1,F,1,1
2403511,1,1,1,5FNYF18448B0,19,1,40,2,1,1,F,1,1
2403511,1,1,1,5FNYF18448B0,19,1,40,2,1,1,F,1,1
2403511,1,1,1,5FNYF18448B0,19,1,999,2,1,1,F,1,1
2403511,1,1,1,5FNYF18448B0,19,1,999,2,1,1,F,1,1
2403511,1,1,1,5FNYF18448B0,19,0,40,2,1,1,F,1,1
2403511,1,1,1,5FNYF18448B0,19,0,40,2,1,1,F,1,1
2403511,1,1,1,5FNYF18448B0,19,0,999,2,1,1,F,1,1
2403511,1,1,1,5FNYF18448B0,19,0,999,2,1,1,F,1,1
2403511,1,1,1,5FNYF18448B0,999,1,40,2,1,1,F,1,1
2403511,1,1,1,5FNYF18448B0,999,1,40,2,1,1,F,1,1
2403511,1,1,1,5FNYF18448B0,999,1,999,2,1,1,F,1,1
2403511,1,1,1,5FNYF18448B0,999,1,999,2,1,1,F,1,1
2403511,1,1,1,5FNYF18448B0,999,0,40,2,1,1,F,1,1
2403511,1,1,1,5FNYF18448B0,999,0,40,2,1,1,F,1,1
2403511,1,1,1,5FNYF18448B0,999,0,999,2,1,1,F,1,1
2403511,1,1,1,5FNYF18448B0,999,0,999,2,1,1,F,1,1
2403523,1,1,1,3MYDLBYV1KY5,999,1,40,1,1,1,F,2,1
2403523,1,1,1,3MYDLBYV1KY5,999,1,40,2,1,1,F,2,1
2403523,1,1,1,3MYDLBYV1KY5,999,1,999,1,1,1,F,2,1
2403523,1,1,1,3MYDLBYV1KY5,999,1,999,2,1,1,F,2,1
2403523,1,1,1,3MYDLBYV1KY5,999,0,40,1,1,1,F,2,1
2403523,1,1,1,3MYDLBYV1KY5,999,0,40,2,1,1,F,2,1
2403523,1,1,1,3MYDLBYV1KY5,999,0,999,1,1,1,F,2,1
2403523,1,1,1,3MYDLBYV1KY5,999,0,999,2,1,1,F,2,1
2403523,1,1,1,3MYDLBYV1KY5,999,1,40,1,1,1,F,2,1
2403523,1,1,1,3MYDLBYV1KY5,999,1,40,2,1,1,F,2,1
2403523,1,1,1,3MYDLBYV1KY5,999,1,999,1,1,1,F,2,1
2403523,1,1,1,3MYDLBYV1KY5,999,1,999,2,1,1,F,2,1
2403523,1,1,1,3MYDLBYV1KY5,999,0,40,1,1,1,F,2,1
2403523,1,1,1,3MYDLBYV1KY5,999,0,40,2,1,1,F,2,1
2403523,1,1,1,3MYDLBYV1KY5,999,0,999,1,1,1,F,2,1
2403523,1,1,1,3MYDLBYV1KY5,999,0,999,2,1,1,F,2,1
2403523,1,1,1,1GKEK13Z63J3,999,1,40,1,1,1,F,2,1
2403523,1,1,1,1GKEK13Z63J3,999,1,40,2,1,1,F,2,1
2403523,1,1,1,1GKEK13Z63J3,999,1,999,1,1,1,F,2,1
2403523,1,1,1,1GKEK13Z63J3,999,1,999,2,1,1,F,2,1
2403523,1,1,1,1GKEK13Z63J3,999,0,40,1,1,1,F,2,1
2403523,1,1,1,1GKEK13Z63J3,999,0,40,2,1,1,F,2,1
2403523,1,1,1,1GKEK13Z63J3,999,0,999,1,1,1,F,2,1
2403523,1,1,1,1GKEK13Z63J3,999,0,999,2,1,1,F,2,1
2403523,1,1,1,1GKEK13Z63J3,999,1,40,1,1,1,F,2,1
2403523,1,1,1,1GKEK13Z63J3,999,1,40,2,1,1,F,2,1
2403523,1,1,1,1GKEK13Z63J3,999,1,999,1,1,1,F,2,1
2403523,1,1,1,1GKEK13Z63J3,999,1,999,2,1,1,F,2,1
2403523,1,1,1,1GKEK13Z63J3,999,0,40,1,1,1,F,2,1
2403523,1,1,1,1GKEK13Z63J3,999,0,40,2,1,1,F,2,1
2403523,1,1,1,1GKEK13Z63J3,999,0,999,1,1,1,F,2,1
2403523,1,1,1,1GKEK13Z63J3,999,0,999,2,1,1,F,2,1
2403533,1,1,1,KL79MTSL0NB0,999,1,64,2,1,0,F,2,1
2403534,1,1,1,JF2SJAEC1HH4,999,1,89,2,1,1,F,1,1
2403538,1,1,1,3MYDLBZV2GY1,999,1,72,1,2,0,F,1,1
2403541,1,8,1,JNKCV61F39M3,24,1,89,1,1,0,F,1,1
2403545,1,1,1,4T3D6RFV3MU0,999,1,48,2,1,1,F,2,1
2403545,1,1,1,4T3D6RFV3MU0,999,1,48,1,1,1,F,2,1
2403545,1,1,1,4T3D6RFV3MU0,999,1,999,2,1,1,F,2,1
2403545,1,1,1,4T3D6RFV3MU0,999,1,999,1,1,1,F,2,1
2403545,1,1,1,4T3D6RFV3MU0,999,0,48,2,1,1,F,2,1
2403545,1,1,1,4T3D6RFV3MU0,999,0,48,1,1,1,F,2,1
2403545,1,1,1,4T3D6RFV3MU0,999,0,999,2,1,1,F,2,1
2403545,1,1,1,4T3D6RFV3MU0,999,0,999,1,1,1,F,2,1
2403545,1,1,1,4T3D6RFV3MU0,999,1,48,2,1,1,F,2,1
2403545,1,1,1,4T3D6RFV3MU0,999,1,48,1,1,1,F,2,1
2403545,1,1,1,4T3D6RFV3MU0,999,1,999,2,1,1,F,2,1
2403545,1,1,1,4T3D6RFV3MU0,999,1,999,1,1,1,F,2,1
2403545,1,1,1,4T3D6RFV3MU0,999,0,48,2,1,1,F,2,1
2403545,1,1,1,4T3D6RFV3MU0,999,0,48,1,1,1,F,2,1
2403545,1,1,1,4T3D6RFV3MU0,999,0,999,2,1,1,F,2,1
2403545,1,1,1,4T3D6RFV3MU0,999,0,999,1,1,1,F,2,1
2403545,1,1,1,4S4BSAFC6K33,999,1,48,2,1,1,F,2,1
2403545,1,1,1,4S4BSAFC6K33,999,1,48,1,1,1,F,2,1
2403545,1,1,1,4S4BSAFC6K33,999,1,999,2,1,1,F,2,1
2403545,1,1,1,4S4BSAFC6K33,999,1,999,1,1,1,F,2,1
2403545,1,1,1,4S4BSAFC6K33,999,0,48,2,1,1,F,2,1
2403545,1,1,1,4S4BSAFC6K33,999,0,48,1,1,1,F,2,1
2403545,1,1,1,4S4BSAFC6K33,999,0,999,2,1,1,F,2,1
2403545,1,1,1,4S4BSAFC6K33,999,0,999,1,1,1,F,2,1
2403545,1,1,1,4S4BSAFC6K33,999,1,48,2,1,1,F,2,1
2403545,1,1,1,4S4BSAFC6K33,999,1,48,1,1,1,F,2,1
2403545,1,1,1,4S4BSAFC6K33,999,1,999,2,1,1,F,2,1
2403545,1,1,1,4S4BSAFC6K33,999,1,999,1,1,1,F,2,1
2403545,1,1,1,4S4BSAFC6K33,999,0,48,2,1,1,F,2,1
2403545,1,1,1,4S4BSAFC6K33,999,0,48,1,1,1,F,2,1
2403545,1,1,1,4S4BSAFC6K33,999,0,999,2,1,1,F,2,1
2403545,1,1,1,4S4BSAFC6K33,999,0,999,1,1,1,F,2,1
2403545,11,1,1,4T3D6RFV3MU0,999,1,48,2,1,1,F,2,1
2403545,11,1,1,4T3D6RFV3MU0,999,1,48,1,1,1,F,2,1
2403545,11,1,1,4T3D6RFV3MU0,999,1,999,2,1,1,F,2,1
2403545,11,1,1,4T3D6RFV3MU0,999,1,999,1,1,1,F,2,1
2403545,11,1,1,4T3D6RFV3MU0,999,0,48,2,1,1,F,2,1
2403545,11,1,1,4T3D6RFV3MU0,999,0,48,1,1,1,F,2,1
2403545,11,1,1,4T3D6RFV3MU0,999,0,999,2,1,1,F,2,1
2403545,11,1,1,4T3D6RFV3MU0,999,0,999,1,1,1,F,2,1
2403545,11,1,1,4T3D6RFV3MU0,999,1,48,2,1,1,F,2,1
2403545,11,1,1,4T3D6RFV3MU0,999,1,48,1,1,1,F,2,1
2403545,11,1,1,4T3D6RFV3MU0,999,1,999,2,1,1,F,2,1
2403545,11,1,1,4T3D6RFV3MU0,999,1,999,1,1,1,F,2,1
2403545,11,1,1,4T3D6RFV3MU0,999,0,48,2,1,1,F,2,1
2403545,11,1,1,4T3D6RFV3MU0,999,0,48,1,1,1,F,2,1
2403545,11,1,1,4T3D6RFV3MU0,999,0,999,2,1,1,F,2,1
2403545,11,1,1,4T3D6RFV3MU0,999,0,999,1,1,1,F,2,1
2403545,11,1,1,4S4BSAFC6K33,999,1,48,2,1,1,F,2,1
2403545,11,1,1,4S4BSAFC6K33,999,1,48,1,1,1,F,2,1
2403545,11,1,1,4S4BSAFC6K33,999,1,999,2,1,1,F,2,1
2403545,11,1,1,4S4BSAFC6K33,999,1,999,1,1,1,F,2,1
2403545,11,1,1,4S4BSAFC6K33,999,0,48,2,1,1,F,2,1
2403545,11,1,1,4S4BSAFC6K33,999,0,48,1,1,1,F,2,1
2403545,11,1,1,4S4BSAFC6K33,999,0,999,2,1,1,F,2,1
2403545,11,1,1,4S4BSAFC6K33,999,0,999,1,1,1,F,2,1
2403545,11,1,1,4S4BSAFC6K33,999,1,48,2,1,1,F,2,1
2403545,11,1,1,4S4BSAFC6K33,999,1,48,1,1,1,F,2,1
2403545,11,1,1,4S4BSAFC6K33,999,1,999,2,1,1,F,2,1
2403545,11,1,1,4S4BSAFC6K33,999,1,999,1,1,1,F,2,1
2403545,11,1,1,4S4BSAFC6K33,999,0,48,2,1,1,F,2,1
2403545,11,1,1,4S4BSAFC6K33,999,0,48,1,1,1,F,2,1
2403545,11,1,1,4S4BSAFC6K33,999,0,999,2,1,1,F,2,1
2403545,11,1,1,4S4BSAFC6K33,999,0,999,1,1,1,F,2,1
2403547,1,1,1,5XYRK4LF9NG0,999,1,64,2,2,2,F,1,1
2403558,1,1,1,KL7CJLSB1GB6,999,1,105,2,2,2,F,2,1
2403563,1,1,1,1FM5K8AR6FGA,999,1,72,2,1,1,F,1,1
2403566,1,1,1,SHHFK7H45MU2,999,1,0,1,1,1,F,1,1
2403580,1,1,1,1G2WJ12M9RF2,999,1,113,1,1,0,N,2,2
2403588,1,2,2,1GCEC19X17Z1,999,2,105,3,1,0,T,2,1
2403589,1,1,1,1D7RB1GP9BS6,999,1,80,3,1,0,F,0,1
2403597,1,1,1,WBA3A5G53FNS,999,1,40,1,1,0,F,2,1
2403597,1,1,1,WBA3A5G53FNS,999,1,40,2,1,0,F,2,1
2403597,1,1,1,WBA3A5G53FNS,999,1,999,1,1,0,F,2,1
2403597,1,1,1,WBA3A5G53FNS,999,1,999,2,1,0,F,2,1
2403597,1,1,1,WBA3A5G53FNS,999,0,40,1,1,0,F,2,1
2403597,1,1,1,WBA3A5G53FNS,999,0,40,2,1,0,F,2,1
2403597,1,1,1,WBA3A5G53FNS,999,0,999,1,1,0,F,2,1
2403597,1,1,1,WBA3A5G53FNS,999,0,999,2,1,0,F,2,1
2403597,1,1,1,WBA3A5G53FNS,999,1,40,1,1,0,F,2,1
2403597,1,1,1,WBA3A5G53FNS,999,1,40,2,1,0,F,2,1
2403597,1,1,1,WBA3A5G53FNS,999,1,999,1,1,0,F,2,1
2403597,1,1,1,WBA3A5G53FNS,999,1,999,2,1,0,F,2,1
2403597,1,1,1,WBA3A5G53FNS,999,0,40,1,1,0,F,2,1
2403597,1,1,1,WBA3A5G53FNS,999,0,40,2,1,0,F,2,1
2403597,1,1,1,WBA3A5G53FNS,999,0,999,1,1,0,F,2,1
2403597,1,1,1,WBA3A5G53FNS,999,0,999,2,1,0,F,2,1
2403597,1,1,1,5NMS4DAL9NH4,999,1,40,1,1,0,F,2,1
2403597,1,1,1,5NMS4DAL9NH4,999,1,40,2,1,0,F,2,1
2403597,1,1,1,5NMS4DAL9NH4,999,1,999,1,1,0,F,2,1
2403597,1,1,1,5NMS4DAL9NH4,999,1,999,2,1,0,F,2,1
2403597,1,1,1,5NMS4DAL9NH4,999,0,40,1,1,0,F,2,1
2403597,1,1,1,5NMS4DAL9NH4,999,0,40,2,1,0,F,2,1
2403597,1,1,1,5NMS4DAL9NH4,999,0,999,1,1,0,F,2,1
2403597,1,1,1,5NMS4DAL9NH4,999,0,999,2,1,0,F,2,1
2403597,1,1,1,5NMS4DAL9NH4,999,1,40,1,1,0,F,2,1
2403597,1,1,1,5NMS4DAL9NH4,999,1,40,2,1,0,F,2,1
2403597,1,1,1,5NMS4DAL9NH4,999,1,999,1,1,0,F,2,1
2403597,1,1,1,5NMS4DAL9NH4,999,1,999,2,1,0,F,2,1
2403597,1,1,1,5NMS4DAL9NH4,999,0,40,1,1,0,F,2,1
2403597,1,1,1,5NMS4DAL9NH4,999,0,40,2,1,0,F,2,1
2403597,1,1,1,5NMS4DAL9NH4,999,0,999,1,1,0,F,2,1
2403597,1,1,1,5NMS4DAL9NH4,999,0,999,2,1,0,F,2,1
2403610,1,1,1,JN8AS5MVXDW6,999,1,89,1,3,2,F,1,1
2403611,1,1,1,2T3P1RFV3PW3,999,1,72,2,2,2,L,2,1
2403612,1,1,1,4S4BTANCXM32,999,2,40,2,1,1,T,1,1
2403637,1,1,1,7MUFBABG7RV0,999,1,64,2,1,1,F,2,1
2403652,1,8,1,1FADP3F29EL3,999,1,64,1,1,1,F,2,1
2403668,1,1,1,W1XV0BEM3P42,16,1,40,4,1,1,F,2,1
2403668,1,1,1,W1XV0BEM3P42,16,1,40,1,1,1,F,2,1
2403668,1,1,1,W1XV0BEM3P42,16,1,999,4,1,1,F,2,1
2403668,1,1,1,W1XV0BEM3P42,16,1,999,1,1,1,F,2,1
2403668,1,1,1,W1XV0BEM3P42,16,0,40,4,1,1,F,2,1
2403668,1,1,1,W1XV0BEM3P42,16,0,40,1,1,1,F,2,1
2403668,1,1,1,W1XV0BEM3P42,16,0,999,4,1,1,F,2,1
2403668,1,1,1,W1XV0BEM3P42,16,0,999,1,1,1,F,2,1
2403668,1,1,1,W1XV0BEM3P42,999,1,40,4,1,1,F,2,1
2403668,1,1,1,W1XV0BEM3P42,999,1,40,1,1,1,F,2,1
2403668,1,1,1,W1XV0BEM3P42,999,1,999,4,1,1,F,2,1
2403668,1,1,1,W1XV0BEM3P42,999,1,999,1,1,1,F,2,1
2403668,1,1,1,W1XV0BEM3P42,999,0,40,4,1,1,F,2,1
2403668,1,1,1,W1XV0BEM3P42,999,0,40,1,1,1,F,2,1
2403668,1,1,1,W1XV0BEM3P42,999,0,999,4,1,1,F,2,1
2403668,1,1,1,W1XV0BEM3P42,999,0,999,1,1,1,F,2,1
2403668,1,1,1,1FAFP55U81G1,16,1,40,4,1,1,F,2,1
2403668,1,1,1,1FAFP55U81G1,16,1,40,1,1,1,F,2,1
2403668,1,1,1,1FAFP55U81G1,16,1,999,4,1,1,F,2,1
2403668,1,1,1,1FAFP55U81G1,16,1,999,1,1,1,F,2,1
2403668,1,1,1,1FAFP55U81G1,16,0,40,4,1,1,F,2,1
2403668,1,1,1,1FAFP55U81G1,16,0,40,1,1,1,F,2,1
2403668,1,1,1,1FAFP55U81G1,16,0,999,4,1,1,F,2,1
2403668,1,1,1,1FAFP55U81G1,16,0,999,1,1,1,F,2,1
2403668,1,1,1,1FAFP55U81G1,999,1,40,4,1,1,F,2,1
2403668,1,1,1,1FAFP55U81G1,999,1,40,1,1,1,F,2,1
2403668,1,1,1,1FAFP55U81G1,999,1,999,4,1,1,F,2,1
2403668,1,1,1,1FAFP55U81G1,999,1,999,1,1,1,F,2,1
2403668,1,1,1,1FAFP55U81G1,999,0,40,4,1,1,F,2,1
2403668,1,1,1,1FAFP55U81G1,999,0,40,1,1,1,F,2,1
2403668,1,1,1,1FAFP55U81G1,999,0,999,4,1,1,F,2,1
2403668,1,1,1,1FAFP55U81G1,999,0,999,1,1,1,F,2,1
2403674,1,2,2,1GKKNKL42NZ1,999,1,105,2,1,0,F,1,1
2403681,1,2,2,3N1AB7AP9HY3,999,2,129,1,3,3,T,1,1
2403684,1,5,2,KNAFU6A28C56,999,1,89,1,2,0,L,2,1
2403694,1,1,1,1C4BJWEG9GL1,999,2,89,2,1,1,T,2,1
2403722,1,1,1,4S3BNAC67H30,999,1,113,1,1,1,F,1,1
2403728,1,1,1,1LN6L9RP6H56,999,1,89,1,1,1,F,1,1
2403730,2,1,1,2C4RDGEG0KR6,999,1,89,4,3,3,F,1,1
2403731,1,1,1,KNDRHDLG1P51,999,1,89,2,1,1,F,2,1
2403733,1,1,1,KM8J3CA27HU3,999,1,89,2,1,0,F,2,1
2403739,1,2,2,5TELU42N15Z0,999,1,72,3,1,1,F,2,1
2403743,1,1,1,2GNFLFEK2G61,999,1,105,2,1,0,F,2,1
2403749,1,1,1,5NMS6DAJ3PH6,38,1,40,2,1,0,F,1,1
2403760,1,1,1,1G1PE5SB8F72,999,1,89,1,1,1,U,2,1
2403774,1,1,1,2C3CDZFJ1NH1,999,1,48,1,2,2,F,2,1
2403775,1,1,2,1FTFW1ED7NFA,999,1,72,3,1,1,F,2,1
2403801,1,1,1,3KPF24AD0ME2,999,1,113,1,1,0,R,1,1
2403813,1,1,1,5J6RM3H49GL0,25,1,56,2,1,1,F,1,1
2403819,1,1,1,1FMCU9G68MUB,999,1,89,2,1,1,F,1,1
2403827,1,5,1,JTDS4MCEXNJ0,999,2,89,1,1,1,T,1,1
2403843,1,1,1,1B3EJ46X7WN2,24,1,56,1,2,2,R,2,1
2403845,1,1,1,5FNYF8H53RB0,999,1,72,2,1,1,F,1,1
2403850,11,2,2,1V2CMPE85PC0,999,1,113,2,3,2,B,2,1
2403857,1,1,1,1GBGC24R6XF0,34,1,56,3,1,0,F,0,1
2403867,1,1,1,JF2GPASC3F83,999,2,113,2,2,2,T,1,1
2403874,1,1,1,1FTDF15YXSLA,50,1,89,3,2,0,F,2,1
2403898,2,8,1,2GNFLGEK5C63,999,1,89,2,1,1,F,1,1
2403900,1,1,1,4JGFB5KB4RB2,62,1,89,2,1,1,F,1,1
2403929,1,8,1,2HKRW2H59JH6,999,1,40,2,1,0,F,1,1
2403934,1,1,1,2T1BURHE2KC2,36,1,89,1,1,1,F,2,1
2403939,1,1,1,5TFCZ5AN4MX2,60,1,64,3,1,0,F,1,1
2403942,1,1,1,JTDEPMAEXN30,999,1,89,1,1,1,F,2,1
2403955,1,5,1,1FMSK8DH9LGC,999,1,72,2,1,1,F,2,1
2403966,1,1,1,19XFL2H58RE0,8,1,40,1,2,1,R,2,1
2403966,1,1,1,19XFL2H58RE0,8,1,40,1,2,1,R,2,1
2403966,1,1,1,19XFL2H58RE0,8,1,999,1,2,1,R,2,1
2403966,1,1,1,19XFL2H58RE0,8,1,999,1,2,1,R,2,1
2403966,1,1,1,19XFL2H58RE0,8,0,40,1,2,1,R,2,1
2403966,1,1,1,19XFL2H58RE0,8,0,40,1,2,1,R,2,1
2403966,1,1,1,19XFL2H58RE0,8,0,999,1,2,1,R,2,1
2403966,1,1,1,19XFL2H58RE0,8,0,999,1,2,1,R,2,1
2403966,1,1,1,19XFL2H58RE0,999,1,40,1,2,1,R,2,1
2403966,1,1,1,19XFL2H58RE0,999,1,40,1,2,1,R,2,1
2403966,1,1,1,19XFL2H58RE0,999,1,999,1,2,1,R,2,1
2403966,1,1,1,19XFL2H58RE0,999,1,999,1,2,1,R,2,1
2403966,1,1,1,19XFL2H58RE0,999,0,40,1,2,1,R,2,1
2403966,1,1,1,19XFL2H58RE0,999,0,40,1,2,1,R,2,1
2403966,1,1,1,19XFL2H58RE0,999,0,999,1,2,1,R,2,1
2403966,1,1,1,19XFL2H58RE0,999,0,999,1,2,1,R,2,1
2403966,1,1,1,1NXBR30E05Z3,8,1,40,1,2,1,R,2,1
2403966,1,1,1,1NXBR30E05Z3,8,1,40,1,2,1,R,2,1
2403966,1,1,1,1NXBR30E05Z3,8,1,999,1,2,1,R,2,1
2403966,1,1,1,1NXBR30E05Z3,8,1,999,1,2,1,R,2,1
2403966,1,1,1,1NXBR30E05Z3,8,0,40,1,2,1,R,2,1
2403966,1,1,1,1NXBR30E05Z3,8,0,40,1,2,1,R,2,1
2403966,1,1,1,1NXBR30E05Z3,8,0,999,1,2,1,R,2,1
2403966,1,1,1,1NXBR30E05Z3,8,0,999,1,2,1,R,2,1
2403966,1,1,1,1NXBR30E05Z3,999,1,40,1,2,1,R,2,1
2403966,1,1,1,1NXBR30E05Z3,999,1,40,1,2,1,R,2,1
2403966,1,1,1,1NXBR30E05Z3,999,1,999,1,2,1,R,2,1
2403966,1,1,1,1NXBR30E05Z3,999,1,999,1,2,1,R,2,1
2403966,1,1,1,1NXBR30E05Z3,999,0,40,1,2,1,R,2,1
2403966,1,1,1,1NXBR30E05Z3,999,0,40,1,2,1,R,2,1
2403966,1,1,1,1NXBR30E05Z3,999,0,999,1,2,1,R,2,1
2403966,1,1,1,1NXBR30E05Z3,999,0,999,1,2,1,R,2,1
2403973,1,1,1,5XYRLDLC4NG1,19,1,48,2,1,1,F,2,1
2403973,1,1,1,5XYRLDLC4NG1,19,1,48,4,1,1,F,2,1
2403973,1,1,1,5XYRLDLC4NG1,19,1,999,2,1,1,F,2,1
2403973,1,1,1,5XYRLDLC4NG1,19,1,999,4,1,1,F,2,1
2403973,1,1,1,5XYRLDLC4NG1,19,0,48,2,1,1,F,2,1
2403973,1,1,1,5XYRLDLC4NG1,19,0,48,4,1,1,F,2,1
2403973,1,1,1,5XYRLDLC4NG1,19,0,999,2,1,1,F,2,1
2403973,1,1,1,5XYRLDLC4NG1,19,0,999,4,1,1,F,2,1
2403973,1,1,1,5XYRLDLC4NG1,999,1,48,2,1,1,F,2,1
2403973,1,1,1,5XYRLDLC4NG1,999,1,48,4,1,1,F,2,1
2403973,1,1,1,5XYRLDLC4NG1,999,1,999,2,1,1,F,2,1
2403973,1,1,1,5XYRLDLC4NG1,999,1,999,4,1,1,F,2,1
2403973,1,1,1,5XYRLDLC4NG1,999,0,48,2,1,1,F,2,1
2403973,1,1,1,5XYRLDLC4NG1,999,0,48,4,1,1,F,2,1
2403973,1,1,1,5XYRLDLC4NG1,999,0,999,2,1,1,F,2,1
2403973,1,1,1,5XYRLDLC4NG1,999,0,999,4,1,1,F,2,1
2403973,1,1,1,5TDYK3DC2CS2,19,1,48,2,1,1,F,2,1
2403973,1,1,1,5TDYK3DC2CS2,19,1,48,4,1,1,F,2,1
2403973,1,1,1,5TDYK3DC2CS2,19,1,999,2,1,1,F,2,1
2403973,1,1,1,5TDYK3DC2CS2,19,1,999,4,1,1,F,2,1
2403973,1,1,1,5TDYK3DC2CS2,19,0,48,2,1,1,F,2,1
2403973,1,1,1,5TDYK3DC2CS2,19,0,48,4,1,1,F,2,1
2403973,1,1,1,5TDYK3DC2CS2,19,0,999,2,1,1,F,2,1
2403973,1,1,1,5TDYK3DC2CS2,19,0,999,4,1,1,F,2,1
2403973,1,1,1,5TDYK3DC2CS2,999,1,48,2,1,1,F,2,1
2403973,1,1,1,5TDYK3DC2CS2,999,1,48,4,1,1,F,2,1
2403973,1,1,1,5TDYK3DC2CS2,999,1,999,2,1,1,F,2,1
2403973,1,1,1,5TDYK3DC2CS2,999,1,999,4,1,1,F,2,1
2403973,1,1,1,5TDYK3DC2CS2,999,0,48,2,1,1,F,2,1
2403973,1,1,1,5TDYK3DC2CS2,999,0,48,4,1,1,F,2,1
2403973,1,1,1,5TDYK3DC2CS2,999,0,999,2,1,1,F,2,1
2403973,1,1,1,5TDYK3DC2CS2,999,0,999,4,1,1,F,2,1
2403985,1,1,1,3GTU2VEC9FG5,23,1,40,3,1,0,F,1,1
2403985,1,1,1,3GTU2VEC9FG5,23,1,40,1,1,0,F,1,1
2403985,1,1,1,3GTU2VEC9FG5,23,1,999,3,1,0,F,1,1
2403985,1,1,1,3GTU2VEC9FG5,23,1,999,1,1,0,F,1,1
2403985,1,1,1,3GTU2VEC9FG5,23,0,40,3,1,0,F,1,1
2403985,1,1,1,3GTU2VEC9FG5,23,0,40,1,1,0,F,1,1
2403985,1,1,1,3GTU2VEC9FG5,23,0,999,3,1,0,F,1,1
2403985,1,1,1,3GTU2VEC9FG5,23,0,999,1,1,0,F,1,1
2403985,1,1,1,3GTU2VEC9FG5,999,1,40,3,1,0,F,1,1
2403985,1,1,1,3GTU2VEC9FG5,999,1,40,1,1,0,F,1,1
2403985,1,1,1,3GTU2VEC9FG5,999,1,999,3,1,0,F,1,1
2403985,1,1,1,3GTU2VEC9FG5,999,1,999,1,1,0,F,1,1
2403985,1,1,1,3GTU2VEC9FG5,999,0,40,3,1,0,F,1,1
2403985,1,1,1,3GTU2VEC9FG5,999,0,40,1,1,0,F,1,1
2403985,1,1,1,3GTU2VEC9FG5,999,0,999,3,1,0,F,1,1
2403985,1,1,1,3GTU2VEC9FG5,999,0,999,1,1,0,F,1,1
2403985,1,1,1,JN8AZ1MW3EW5,23,1,40,3,1,0,F,1,1
2403985,1,1,1,JN8AZ1MW3EW5,23,1,40,1,1,0,F,1,1
2403985,1,1,1,JN8AZ1MW3EW5,23,1,999,3,1,0,F,1,1
2403985,1,1,1,JN8AZ1MW3EW5,23,1,999,1,1,0,F,1,1
2403985,1,1,1,JN8AZ1MW3EW5,23,0,40,3,1,0,F,1,1
2403985,1,1,1,JN8AZ1MW3EW5,23,0,40,1,1,0,F,1,1
2403985,1,1,1,JN8AZ1MW3EW5,23,0,999,3,1,0,F,1,1
2403985,1,1,1,JN8AZ1MW3EW5,23,0,999,1,1,0,F,1,1
2403985,1,1,1,JN8AZ1MW3EW5,999,1,40,3,1,0,F,1,1
2403985,1,1,1,JN8AZ1MW3EW5,999,1,40,1,1,0,F,1,1
2403985,1,1,1,JN8AZ1MW3EW5,999,1,999,3,1,0,F,1,1
2403985,1,1,1,JN8AZ1MW3EW5,999,1,999,1,1,0,F,1,1
2403985,1,1,1,JN8AZ1MW3EW5,999,0,40,3,1,0,F,1,1
2403985,1,1,1,JN8AZ1MW3EW5,999,0,40,1,1,0,F,1,1
2403985,1,1,1,JN8AZ1MW3EW5,999,0,999,3,1,0,F,1,1
2403985,1,1,1,JN8AZ1MW3EW5,999,0,999,1,1,0,F,1,1
2403991,1,1,1,58ADZ1B1XLU0,72,1,72,1,3,2,F,1,1
2404009,1,1,1,JF2SHAAC0BH7,999,2,64,2,1,1,T,1,1
2404010,1,2,2,1FTEW1E43LFA,32,1,89,3,1,1,F,1,1
2404020,1,8,2,5NPD74LF9LH6,999,1,89,1,1,1,F,1,1
2404033,1,1,1,1FMJK1KT8HEA,999,1,113,2,1,1,F,2,1
2404039,1,1,1,1FTCR10A7VUA,999,2,89,3,1,1,T,1,1
2404041,1,1,1,5J6RM4H78EL1,999,1,89,2,1,0,F,0,1
2404060,1,2,2,1G1ZE5ST7GF1,999,1,80,1,1,0,F,1,1
2404076,4,1,1,1FT7W2BT1MED,42,1,72,3,2,0,F,1,1
2404092,1,1,1,2FMDK48C28BA,999,0,999,1,1,1,B,2,1
2404092,1,1,1,2FMDK48C28BA,999,0,999,1,1,1,B,2,1
2404092,1,1,1,2FMDK48C28BA,999,0,48,1,1,1,B,2,1
2404092,1,1,1,2FMDK48C28BA,999,0,48,1,1,1,B,2,1
2404092,1,1,1,2FMDK48C28BA,999,1,999,1,1,1,B,2,1
2404092,1,1,1,2FMDK48C28BA,999,1,999,1,1,1,B,2,1
2404092,1,1,1,2FMDK48C28BA,999,1,48,1,1,1,B,2,1
2404092,1,1,1,2FMDK48C28BA,999,1,48,1,1,1,B,2,1
2404092,1,1,1,2FMDK48C28BA,999,0,999,1,1,1,B,2,1
2404092,1,1,1,2FMDK48C28BA,999,0,999,1,1,1,B,2,1
2404092,1,1,1,2FMDK48C28BA,999,0,48,1,1,1,B,2,1
2404092,1,1,1,2FMDK48C28BA,999,0,48,1,1,1,B,2,1
2404092,1,1,1,2FMDK48C28BA,999,1,999,1,1,1,B,2,1
2404092,1,1,1,2FMDK48C28BA,999,1,999,1,1,1,B,2,1
2404092,1,1,1,2FMDK48C28BA,999,1,48,1,1,1,B,2,1
2404092,1,1,1,2FMDK48C28BA,999,1,48,1,1,1,B,2,1
2404092,1,1,1,5GZER137X8J2,999,0,999,1,1,1,B,2,1
2404092,1,1,1,5GZER137X8J2,999,0,999,1,1,1,B,2,1
2404092,1,1,1,5GZER137X8J2,999,0,48,1,1,1,B,2,1
2404092,1,1,1,5GZER137X8J2,999,0,48,1,1,1,B,2,1
2404092,1,1,1,5GZER137X8J2,999,1,999,1,1,1,B,2,1
2404092,1,1,1,5GZER137X8J2,999,1,999,1,1,1,B,2,1
2404092,1,1,1,5GZER137X8J2,999,1,48,1,1,1,B,2,1
2404092,1,1,1,5GZER137X8J2,999,1,48,1,1,1,B,2,1
2404092,1,1,1,5GZER137X8J2,999,0,999,1,1,1,B,2,1
2404092,1,1,1,5GZER137X8J2,999,0,999,1,1,1,B,2,1
2404092,1,1,1,5GZER137X8J2,999,0,48,1,1,1,B,2,1
2404092,1,1,1,5GZER137X8J2,999,0,48,1,1,1,B,2,1
2404092,1,1,1,5GZER137X8J2,999,1,999,1,1,1,B,2,1
2404092,1,1,1,5GZER137X8J2,999,1,999,1,1,1,B,2,1
2404092,1,1,1,5GZER137X8J2,999,1,48,1,1,1,B,2,1
2404092,1,1,1,5GZER137X8J2,999,1,48,1,1,1,B,2,1
2404101,1,1,1,19XZE4F59NE0,999,1,72,1,2,2,T,2,1
2404125,1,1,1,WBXPA73415WC,999,1,89,2,1,1,U,2,1
2404193,1,1,1,3GNAXUEV6LS5,999,1,56,2,1,0,R,1,1
2404193,1,1,1,3GNAXUEV6LS5,999,1,56,93,1,0,R,1,1
2404193,1,1,1,3GNAXUEV6LS5,999,1,999,2,1,0,R,1,1
2404193,1,1,1,3GNAXUEV6LS5,999,1,999,93,1,0,R,1,1
2404193,1,1,1,3GNAXUEV6LS5,999,0,56,2,1,0,R,1,1
2404193,1,1,1,3GNAXUEV6LS5,999,0,56,93,1,0,R,1,1
2404193,1,1,1,3GNAXUEV6LS5,999,0,999,2,1,0,R,1,1
2404193,1,1,1,3GNAXUEV6LS5,999,0,999,93,1,0,R,1,1
2404193,1,1,1,3GNAXUEV6LS5,999,1,56,2,1,0,R,1,1
2404193,1,1,1,3GNAXUEV6LS5,999,1,56,93,1,0,R,1,1
2404193,1,1,1,3GNAXUEV6LS5,999,1,999,2,1,0,R,1,1
2404193,1,1,1,3GNAXUEV6LS5,999,1,999,93,1,0,R,1,1
2404193,1,1,1,3GNAXUEV6LS5,999,0,56,2,1,0,R,1,1
2404193,1,1,1,3GNAXUEV6LS5,999,0,56,93,1,0,R,1,1
2404193,1,1,1,3GNAXUEV6LS5,999,0,999,2,1,0,R,1,1
2404193,1,1,1,3GNAXUEV6LS5,999,0,999,93,1,0,R,1,1
2404193,1,1,1,0,999,1,56,2,1,0,R,1,1
2404193,1,1,1,0,999,1,56,93,1,0,R,1,1
2404193,1,1,1,0,999,1,999,2,1,0,R,1,1
2404193,1,1,1,0,999,1,999,93,1,0,R,1,1
2404193,1,1,1,0,999,0,56,2,1,0,R,1,1
2404193,1,1,1,0,999,0,56,93,1,0,R,1,1
2404193,1,1,1,0,999,0,999,2,1,0,R,1,1
2404193,1,1,1,0,999,0,999,93,1,0,R,1,1
2404193,1,1,1,0,999,1,56,2,1,0,R,1,1
2404193,1,1,1,0,999,1,56,93,1,0,R,1,1
2404193,1,1,1,0,999,1,999,2,1,0,R,1,1
2404193,1,1,1,0,999,1,999,93,1,0,R,1,1
2404193,1,1,1,0,999,0,56,2,1,0,R,1,1
2404193,1,1,1,0,999,0,56,93,1,0,R,1,1
2404193,1,1,1,0,999,0,999,2,1,0,R,1,1
2404193,1,1,1,0,999,0,999,93,1,0,R,1,1
2404194,1,1,1,4T1B11HK2KU7,999,1,40,1,3,1,F,1,1
2404198,1,1,1,5J8TB18287A0,999,1,113,2,1,1,F,2,1
2404204,1,1,1,1FMCU9BZ4NUA,999,1,129,2,1,1,F,1,1
2404204,11,1,1,1FMCU9BZ4NUA,999,1,129,2,1,1,F,1,1
2404207,11,1,1,KM8HC3A66RU0,999,1,89,2,1,1,F,2,1
2404222,1,1,1,KMHRC8A32MU0,999,1,48,2,1,1,R,2,1
2404222,1,1,1,KMHRC8A32MU0,999,1,48,1,1,1,R,2,1
2404222,1,1,1,KMHRC8A32MU0,999,1,999,2,1,1,R,2,1
2404222,1,1,1,KMHRC8A32MU0,999,1,999,1,1,1,R,2,1
2404222,1,1,1,KMHRC8A32MU0,999,0,48,2,1,1,R,2,1
2404222,1,1,1,KMHRC8A32MU0,999,0,48,1,1,1,R,2,1
2404222,1,1,1,KMHRC8A32MU0,999,0,999,2,1,1,R,2,1
2404222,1,1,1,KMHRC8A32MU0,999,0,999,1,1,1,R,2,1
2404222,1,1,1,KMHRC8A32MU0,999,1,48,2,1,1,R,2,1
2404222,1,1,1,KMHRC8A32MU0,999,1,48,1,1,1,R,2,1
2404222,1,1,1,KMHRC8A32MU0,999,1,999,2,1,1,R,2,1
2404222,1,1,1,KMHRC8A32MU0,999,1,999,1,1,1,R,2,1
2404222,1,1,1,KMHRC8A32MU0,999,0,48,2,1,1,R,2,1
2404222,1,1,1,KMHRC8A32MU0,999,0,48,1,1,1,R,2,1
2404222,1,1,1,KMHRC8A32MU0,999,0,999,2,1,1,R,2,1
2404222,1,1,1,KMHRC8A32MU0,999,0,999,1,1,1,R,2,1
2404222,1,1,1,4S3BMBA68E30,999,1,48,2,1,1,R,2,1
2404222,1,1,1,4S3BMBA68E30,999,1,48,1,1,1,R,2,1
2404222,1,1,1,4S3BMBA68E30,999,1,999,2,1,1,R,2,1
2404222,1,1,1,4S3BMBA68E30,999,1,999,1,1,1,R,2,1
2404222,1,1,1,4S3BMBA68E30,999,0,48,2,1,1,R,2,1
2404222,1,1,1,4S3BMBA68E30,999,0,48,1,1,1,R,2,1
2404222,1,1,1,4S3BMBA68E30,999,0,999,2,1,1,R,2,1
2404222,1,1,1,4S3BMBA68E30,999,0,999,1,1,1,R,2,1
2404222,1,1,1,4S3BMBA68E30,999,1,48,2,1,1,R,2,1
2404222,1,1,1,4S3BMBA68E30,999,1,48,1,1,1,R,2,1
2404222,1,1,1,4S3BMBA68E30,999,1,999,2,1,1,R,2,1
2404222,1,1,1,4S3BMBA68E30,999,1,999,1,1,1,R,2,1
2404222,1,1,1,4S3BMBA68E30,999,0,48,2,1,1,R,2,1
2404222,1,1,1,4S3BMBA68E30,999,0,48,1,1,1,R,2,1
2404222,1,1,1,4S3BMBA68E30,999,0,999,2,1,1,R,2,1
2404222,1,1,1,4S3BMBA68E30,999,0,999,1,1,1,R,2,1
2404245,1,1,1,5YFB4MDE5RP1,999,1,89,1,1,1,F,2,1
2404252,1,1,1,2HGFA1F99AH5,999,1,32,1,2,0,R,1,1
2404252,1,1,1,2HGFA1F99AH5,999,1,32,1,2,0,R,1,1
2404252,1,1,1,2HGFA1F99AH5,999,1,999,1,2,0,R,1,1
2404252,1,1,1,2HGFA1F99AH5,999,1,999,1,2,0,R,1,1
2404252,1,1,1,2HGFA1F99AH5,999,0,32,1,2,0,R,1,1
2404252,1,1,1,2HGFA1F99AH5,999,0,32,1,2,0,R,1,1
2404252,1,1,1,2HGFA1F99AH5,999,0,999,1,2,0,R,1,1
2404252,1,1,1,2HGFA1F99AH5,999,0,999,1,2,0,R,1,1
2404252,1,1,1,2HGFA1F99AH5,999,1,32,1,2,0,R,1,1
2404252,1,1,1,2HGFA1F99AH5,999,1,32,1,2,0,R,1,1
2404252,1,1,1,2HGFA1F99AH5,999,1,999,1,2,0,R,1,1
2404252,1,1,1,2HGFA1F99AH5,999,1,999,1,2,0,R,1,1
2404252,1,1,1,2HGFA1F99AH5,999,0,32,1,2,0,R,1,1
2404252,1,1,1,2HGFA1F99AH5,999,0,32,1,2,0,R,1,1
2404252,1,1,1,2HGFA1F99AH5,999,0,999,1,2,0,R,1,1
2404252,1,1,1,2HGFA1F99AH5,999,0,999,1,2,0,R,1,1
2404252,1,1,1,WDDSJ4GB9EN1,999,1,32,1,2,0,R,1,1
2404252,1,1,1,WDDSJ4GB9EN1,999,1,32,1,2,0,R,1,1
2404252,1,1,1,WDDSJ4GB9EN1,999,1,999,1,2,0,R,1,1
2404252,1,1,1,WDDSJ4GB9EN1,999,1,999,1,2,0,R,1,1
2404252,1,1,1,WDDSJ4GB9EN1,999,0,32,1,2,0,R,1,1
2404252,1,1,1,WDDSJ4GB9EN1,999,0,32,1,2,0,R,1,1
2404252,1,1,1,WDDSJ4GB9EN1,999,0,999,1,2,0,R,1,1
2404252,1,1,1,WDDSJ4GB9EN1,999,0,999,1,2,0,R,1,1
2404252,1,1,1,WDDSJ4GB9EN1,999,1,32,1,2,0,R,1,1
2404252,1,1,1,WDDSJ4GB9EN1,999,1,32,1,2,0,R,1,1
2404252,1,1,1,WDDSJ4GB9EN1,999,1,999,1,2,0,R,1,1
2404252,1,1,1,WDDSJ4GB9EN1,999,1,999,1,2,0,R,1,1
2404252,1,1,1,WDDSJ4GB9EN1,999,0,32,1,2,0,R,1,1
2404252,1,1,1,WDDSJ4GB9EN1,999,0,32,1,2,0,R,1,1
2404252,1,1,1,WDDSJ4GB9EN1,999,0,999,1,2,0,R,1,1
2404252,1,1,1,WDDSJ4GB9EN1,999,0,999,1,2,0,R,1,1
2404263,1,1,1,1GNKRGKD1EJ1,999,1,89,2,1,1,F,2,1
2404287,1,1,1,2MEFM74W56X6,38,1,64,1,1,0,F,1,1
2404296,1,1,1,5XXGT4L3XJG1,999,1,129,1,1,1,F,1,1
2404298,1,1,1,4T1BK36B78U2,999,1,40,1,1,1,R,1,1
2404298,1,1,1,4T1BK36B78U2,999,1,40,1,1,1,R,1,1
2404298,1,1,1,4T1BK36B78U2,999,1,999,1,1,1,R,1,1
2404298,1,1,1,4T1BK36B78U2,999,1,999,1,1,1,R,1,1
2404298,1,1,1,4T1BK36B78U2,999,0,40,1,1,1,R,1,1
2404298,1,1,1,4T1BK36B78U2,999,0,40,1,1,1,R,1,1
2404298,1,1,1,4T1BK36B78U2,999,0,999,1,1,1,R,1,1
2404298,1,1,1,4T1BK36B78U2,999,0,999,1,1,1,R,1,1
2404298,1,1,1,4T1BK36B78U2,999,1,40,1,1,1,R,1,1
2404298,1,1,1,4T1BK36B78U2,999,1,40,1,1,1,R,1,1
2404298,1,1,1,4T1BK36B78U2,999,1,999,1,1,1,R,1,1
2404298,1,1,1,4T1BK36B78U2,999,1,999,1,1,1,R,1,1
2404298,1,1,1,4T1BK36B78U2,999,0,40,1,1,1,R,1,1
2404298,1,1,1,4T1BK36B78U2,999,0,40,1,1,1,R,1,1
2404298,1,1,1,4T1BK36B78U2,999,0,999,1,1,1,R,1,1
2404298,1,1,1,4T1BK36B78U2,999,0,999,1,1,1,R,1,1
2404298,1,1,1,JTDZN3EU7FJ0,999,1,40,1,1,1,R,1,1
2404298,1,1,1,JTDZN3EU7FJ0,999,1,40,1,1,1,R,1,1
2404298,1,1,1,JTDZN3EU7FJ0,999,1,999,1,1,1,R,1,1
2404298,1,1,1,JTDZN3EU7FJ0,999,1,999,1,1,1,R,1,1
2404298,1,1,1,JTDZN3EU7FJ0,999,0,40,1,1,1,R,1,1
2404298,1,1,1,JTDZN3EU7FJ0,999,0,40,1,1,1,R,1,1
2404298,1,1,1,JTDZN3EU7FJ0,999,0,999,1,1,1,R,1,1
2404298,1,1,1,JTDZN3EU7FJ0,999,0,999,1,1,1,R,1,1
2404298,1,1,1,JTDZN3EU7FJ0,999,1,40,1,1,1,R,1,1
2404298,1,1,1,JTDZN3EU7FJ0,999,1,40,1,1,1,R,1,1
2404298,1,1,1,JTDZN3EU7FJ0,999,1,999,1,1,1,R,1,1
2404298,1,1,1,JTDZN3EU7FJ0,999,1,999,1,1,1,R,1,1
2404298,1,1,1,JTDZN3EU7FJ0,999,0,40,1,1,1,R,1,1
2404298,1,1,1,JTDZN3EU7FJ0,999,0,40,1,1,1,R,1,1
2404298,1,1,1,JTDZN3EU7FJ0,999,0,999,1,1,1,R,1,1
2404298,1,1,1,JTDZN3EU7FJ0,999,0,999,1,1,1,R,1,1
2404299,4,1,1,WVGEP9BP5FD0,999,2,129,2,2,2,T,1,1
2404301,1,8,1,3FMCR9B68MRB,999,1,113,2,2,2,F,1,1
2404303,1,1,1,JA4ARUAU3NU0,29,1,89,2,3,1,F,1,1
2404315,4,1,1,1FTNW21P94EB,999,1,48,3,2,2,U,0,1
2404317,1,1,1,5TBET34136S5,999,2,105,3,1,0,L,1,1
2404318,1,1,1,JTDDY32T9400,999,1,105,1,1,1,F,2,1
2404359,1,1,1,WVGBV7AX2CW0,999,2,89,2,1,1,R,1,1
2404379,1,1,1,2HGFE1F97RH3,999,1,89,1,1,0,F,0,1
2404402,1,1,1,KL77LJE2XRC2,20,1,56,2,1,0,F,1,1
2404402,1,1,1,KL77LJE2XRC2,20,1,56,1,1,0,F,1,1
2404402,1,1,1,KL77LJE2XRC2,20,1,999,2,1,0,F,1,1
2404402,1,1,1,KL77LJE2XRC2,20,1,999,1,1,0,F,1,1
2404402,1,1,1,KL77LJE2XRC2,20,0,56,2,1,0,F,1,1
2404402,1,1,1,KL77LJE2XRC2,20,0,56,1,1,0,F,1,1
2404402,1,1,1,KL77LJE2XRC2,20,0,999,2,1,0,F,1,1
2404402,1,1,1,KL77LJE2XRC2,20,0,999,1,1,0,F,1,1
2404402,1,1,1,KL77LJE2XRC2,999,1,56,2,1,0,F,1,1
2404402,1,1,1,KL77LJE2XRC2,999,1,56,1,1,0,F,1,1
2404402,1,1,1,KL77LJE2XRC2,999,1,999,2,1,0,F,1,1
2404402,1,1,1,KL77LJE2XRC2,999,1,999,1,1,0,F,1,1
2404402,1,1,1,KL77LJE2XRC2,999,0,56,2,1,0,F,1,1
2404402,1,1,1,KL77LJE2XRC2,999,0,56,1,1,0,F,1,1
2404402,1,1,1,KL77LJE2XRC2,999,0,999,2,1,0,F,1,1
2404402,1,1,1,KL77LJE2XRC2,999,0,999,1,1,0,F,1,1
2404402,1,1,1,2T1BURHEXEC0,20,1,56,2,1,0,F,1,1
2404402,1,1,1,2T1BURHEXEC0,20,1,56,1,1,0,F,1,1
2404402,1,1,1,2T1BURHEXEC0,20,1,999,2,1,0,F,1,1
2404402,1,1,1,2T1BURHEXEC0,20,1,999,1,1,0,F,1,1
2404402,1,1,1,2T1BURHEXEC0,20,0,56,2,1,0,F,1,1
2404402,1,1,1,2T1BURHEXEC0,20,0,56,1,1,0,F,1,1
2404402,1,1,1,2T1BURHEXEC0,20,0,999,2,1,0,F,1,1
2404402,1,1,1,2T1BURHEXEC0,20,0,999,1,1,0,F,1,1
2404402,1,1,1,2T1BURHEXEC0,999,1,56,2,1,0,F,1,1
2404402,1,1,1,2T1BURHEXEC0,999,1,56,1,1,0,F,1,1
2404402,1,1,1,2T1BURHEXEC0,999,1,999,2,1,0,F,1,1
2404402,1,1,1,2T1BURHEXEC0,999,1,999,1,1,0,F,1,1
2404402,1,1,1,2T1BURHEXEC0,999,0,56,2,1,0,F,1,1
2404402,1,1,1,2T1BURHEXEC0,999,0,56,1,1,0,F,1,1
2404402,1,1,1,2T1BURHEXEC0,999,0,999,2,1,0,F,1,1
2404402,1,1,1,2T1BURHEXEC0,999,0,999,1,1,0,F,1,1
2404426,1,1,1,1GCUKREC3JF2,999,1,40,3,1,1,F,2,1
2404426,1,1,1,1GCUKREC3JF2,999,1,40,1,1,1,F,2,1
2404426,1,1,1,1GCUKREC3JF2,999,1,999,3,1,1,F,2,1
2404426,1,1,1,1GCUKREC3JF2,999,1,999,1,1,1,F,2,1
2404426,1,1,1,1GCUKREC3JF2,999,0,40,3,1,1,F,2,1
2404426,1,1,1,1GCUKREC3JF2,999,0,40,1,1,1,F,2,1
2404426,1,1,1,1GCUKREC3JF2,999,0,999,3,1,1,F,2,1
2404426,1,1,1,1GCUKREC3JF2,999,0,999,1,1,1,F,2,1
2404426,1,1,1,1GCUKREC3JF2,999,1,40,3,1,1,F,2,1
2404426,1,1,1,1GCUKREC3JF2,999,1,40,1,1,1,F,2,1
2404426,1,1,1,1GCUKREC3JF2,999,1,999,3,1,1,F,2,1
2404426,1,1,1,1GCUKREC3JF2,999,1,999,1,1,1,F,2,1
2404426,1,1,1,1GCUKREC3JF2,999,0,40,3,1,1,F,2,1
2404426,1,1,1,1GCUKREC3JF2,999,0,40,1,1,1,F,2,1
2404426,1,1,1,1GCUKREC3JF2,999,0,999,3,1,1,F,2,1
2404426,1,1,1,1GCUKREC3JF2,999,0,999,1,1,1,F,2,1
2404426,1,1,1,1HGCP267X9A1,999,1,40,3,1,1,F,2,1
2404426,1,1,1,1HGCP267X9A1,999,1,40,1,1,1,F,2,1
2404426,1,1,1,1HGCP267X9A1,999,1,999,3,1,1,F,2,1
2404426,1,1,1,1HGCP267X9A1,999,1,999,1,1,1,F,2,1
2404426,1,1,1,1HGCP267X9A1,999,0,40,3,1,1,F,2,1
2404426,1,1,1,1HGCP267X9A1,999,0,40,1,1,1,F,2,1
2404426,1,1,1,1HGCP267X9A1,999,0,999,3,1,1,F,2,1
2404426,1,1,1,1HGCP267X9A1,999,0,999,1,1,1,F,2,1
2404426,1,1,1,1HGCP267X9A1,999,1,40,3,1,1,F,2,1
2404426,1,1,1,1HGCP267X9A1,999,1,40,1,1,1,F,2,1
2404426,1,1,1,1HGCP267X9A1,999,1,999,3,1,1,F,2,1
2404426,1,1,1,1HGCP267X9A1,999,1,999,1,1,1,F,2,1
2404426,1,1,1,1HGCP267X9A1,999,0,40,3,1,1,F,2,1
2404426,1,1,1,1HGCP267X9A1,999,0,40,1,1,1,F,2,1
2404426,1,1,1,1HGCP267X9A1,999,0,999,3,1,1,F,2,1
2404426,1,1,1,1HGCP267X9A1,999,0,999,1,1,1,F,2,1
2404447,1,1,1,4S4WMAKD8R34,21,1,72,2,1,1,F,1,1
2404462,1,1,1,2GNAXUEV3L62,999,1,89,2,1,0,F,1,1
2404467,1,2,2,KMHCT5AE3DU1,999,1,89,1,1,0,F,1,1
2404469,1,2,2,2HKRM4H52FH6,999,1,113,2,1,1,F,1,1
2404485,1,8,2,MAJ3S2GE0KC2,999,1,56,2,1,0,F,2,1
2404486,1,1,1,1N4BL4BV6KC2,56,1,89,1,2,2,F,1,1
2404496,1,2,2,1N4AA6AP9GC4,999,1,56,1,2,0,F,1,1
2404501,1,2,2,KL8CD6SA6NC0,999,1,40,1,1,1,R,2,1
2404501,1,2,2,KL8CD6SA6NC0,999,1,40,3,1,1,R,2,1
2404501,1,2,2,KL8CD6SA6NC0,999,1,999,1,1,1,R,2,1
2404501,1,2,2,KL8CD6SA6NC0,999,1,999,3,1,1,R,2,1
2404501,1,2,2,KL8CD6SA6NC0,999,0,40,1,1,1,R,2,1
2404501,1,2,2,KL8CD6SA6NC0,999,0,40,3,1,1,R,2,1
2404501,1,2,2,KL8CD6SA6NC0,999,0,999,1,1,1,R,2,1
2404501,1,2,2,KL8CD6SA6NC0,999,0,999,3,1,1,R,2,1
2404501,1,2,2,KL8CD6SA6NC0,999,1,40,1,1,1,R,2,1
2404501,1,2,2,KL8CD6SA6NC0,999,1,40,3,1,1,R,2,1
2404501,1,2,2,KL8CD6SA6NC0,999,1,999,1,1,1,R,2,1
2404501,1,2,2,KL8CD6SA6NC0,999,1,999,3,1,1,R,2,1
2404501,1,2,2,KL8CD6SA6NC0,999,0,40,1,1,1,R,2,1
2404501,1,2,2,KL8CD6SA6NC0,999,0,40,3,1,1,R,2,1
2404501,1,2,2,KL8CD6SA6NC0,999,0,999,1,1,1,R,2,1
2404501,1,2,2,KL8CD6SA6NC0,999,0,999,3,1,1,R,2,1
2404501,1,2,2,1C6RR7FG3DS6,999,1,40,1,1,1,R,2,1
2404501,1,2,2,1C6RR7FG3DS6,999,1,40,3,1,1,R,2,1
2404501,1,2,2,1C6RR7FG3DS6,999,1,999,1,1,1,R,2,1
2404501,1,2,2,1C6RR7FG3DS6,999,1,999,3,1,1,R,2,1
2404501,1,2,2,1C6RR7FG3DS6,999,0,40,1,1,1,R,2,1
2404501,1,2,2,1C6RR7FG3DS6,999,0,40,3,1,1,R,2,1
2404501,1,2,2,1C6RR7FG3DS6,999,0,999,1,1,1,R,2,1
2404501,1,2,2,1C6RR7FG3DS6,999,0,999,3,1,1,R,2,1
2404501,1,2,2,1C6RR7FG3DS6,999,1,40,1,1,1,R,2,1
2404501,1,2,2,1C6RR7FG3DS6,999,1,40,3,1,1,R,2,1
2404501,1,2,2,1C6RR7FG3DS6,999,1,999,1,1,1,R,2,1
2404501,1,2,2,1C6RR7FG3DS6,999,1,999,3,1,1,R,2,1
2404501,1,2,2,1C6RR7FG3DS6,999,0,40,1,1,1,R,2,1
2404501,1,2,2,1C6RR7FG3DS6,999,0,40,3,1,1,R,2,1
2404501,1,2,2,1C6RR7FG3DS6,999,0,999,1,1,1,R,2,1
2404501,1,2,2,1C6RR7FG3DS6,999,0,999,3,1,1,R,2,1
2404504,4,1,1,W1W4EBHY1LT0,999,1,105,4,2,0,F,1,1
2404526,2,1,1,3FADP4EJXKM1,999,1,56,1,1,1,F,2,1
2404541,1,1,1,1GNEVKKW1PJ2,999,1,40,2,1,1,F,1,1
2404570,1,1,1,WBAVA33518KX,999,1,72,1,1,1,F,1,1
2404573,1,1,1,JTMEWRFV2KJ0,999,1,113,2,1,1,F,2,1
2404573,11,1,1,JTMEWRFV2KJ0,999,1,113,2,1,1,F,2,1
2404581,1,1,1,KL7CJPSB9KB8,13,1,48,2,1,0,F,2,1
2404581,2,1,1,KL7CJPSB9KB8,13,1,48,2,1,0,F,2,1
2404584,1,8,1,19XFC2F68LE0,999,1,72,1,1,1,F,2,1
2404602,1,8,1,1GKS1CKJ5HR1,999,1,64,2,2,2,F,1,1
2404617,1,2,2,JA4AT3AA3KZ0,999,1,89,2,1,0,F,1,1
2404621,2,1,1,1FTFX1EF5FFA,999,1,56,3,1,0,F,1,1
2404622,1,1,1,JF2GUADC4RH3,999,1,89,2,1,1,F,1,1
2404635,1,1,1,WDCGG5HB4FG3,18,1,40,2,1,0,F,1,1
2404635,1,1,1,WDCGG5HB4FG3,18,1,40,4,1,0,F,1,1
2404635,1,1,1,WDCGG5HB4FG3,18,1,999,2,1,0,F,1,1
2404635,1,1,1,WDCGG5HB4FG3,18,1,999,4,1,0,F,1,1
2404635,1,1,1,WDCGG5HB4FG3,18,0,40,2,1,0,F,1,1
2404635,1,1,1,WDCGG5HB4FG3,18,0,40,4,1,0,F,1,1
2404635,1,1,1,WDCGG5HB4FG3,18,0,999,2,1,0,F,1,1
2404635,1,1,1,WDCGG5HB4FG3,18,0,999,4,1,0,F,1,1
2404635,1,1,1,WDCGG5HB4FG3,999,1,40,2,1,0,F,1,1
2404635,1,1,1,WDCGG5HB4FG3,999,1,40,4,1,0,F,1,1
2404635,1,1,1,WDCGG5HB4FG3,999,1,999,2,1,0,F,1,1
2404635,1,1,1,WDCGG5HB4FG3,999,1,999,4,1,0,F,1,1
2404635,1,1,1,WDCGG5HB4FG3,999,0,40,2,1,0,F,1,1
2404635,1,1,1,WDCGG5HB4FG3,999,0,40,4,1,0,F,1,1
2404635,1,1,1,WDCGG5HB4FG3,999,0,999,2,1,0,F,1,1
2404635,1,1,1,WDCGG5HB4FG3,999,0,999,4,1,0,F,1,1
2404635,1,1,1,1GNDM19WXYB1,18,1,40,2,1,0,F,1,1
2404635,1,1,1,1GNDM19WXYB1,18,1,40,4,1,0,F,1,1
2404635,1,1,1,1GNDM19WXYB1,18,1,999,2,1,0,F,1,1
2404635,1,1,1,1GNDM19WXYB1,18,1,999,4,1,0,F,1,1
2404635,1,1,1,1GNDM19WXYB1,18,0,40,2,1,0,F,1,1
2404635,1,1,1,1GNDM19WXYB1,18,0,40,4,1,0,F,1,1
2404635,1,1,1,1GNDM19WXYB1,18,0,999,2,1,0,F,1,1
2404635,1,1,1,1GNDM19WXYB1,18,0,999,4,1,0,F,1,1
2404635,1,1,1,1GNDM19WXYB1,999,1,40,2,1,0,F,1,1
2404635,1,1,1,1GNDM19WXYB1,999,1,40,4,1,0,F,1,1
2404635,1,1,1,1GNDM19WXYB1,999,1,999,2,1,0,F,1,1
2404635,1,1,1,1GNDM19WXYB1,999,1,999,4,1,0,F,1,1
2404635,1,1,1,1GNDM19WXYB1,999,0,40,2,1,0,F,1,1
2404635,1,1,1,1GNDM19WXYB1,999,0,40,4,1,0,F,1,1
2404635,1,1,1,1GNDM19WXYB1,999,0,999,2,1,0,F,1,1
2404635,1,1,1,1GNDM19WXYB1,999,0,999,4,1,0,F,1,1
2404647,1,1,1,3C4PDDBGXGT1,999,1,56,1,1,0,F,0,1
2404665,1,2,2,1G1ZD5ST2MF0,999,2,97,1,1,0,L,1,1
2404684,1,1,1,1FMDK061X5GA,999,1,64,1,1,1,F,2,1
2404684,1,1,1,1FMDK061X5GA,999,1,64,73,1,1,F,2,1
2404684,1,1,1,1FMDK061X5GA,999,1,999,1,1,1,F,2,1
2404684,1,1,1,1FMDK061X5GA,999,1,999,73,1,1,F,2,1
2404684,1,1,1,1FMDK061X5GA,999,0,64,1,1,1,F,2,1
2404684,1,1,1,1FMDK061X5GA,999,0,64,73,1,1,F,2,1
2404684,1,1,1,1FMDK061X5GA,999,0,999,1,1,1,F,2,1
2404684,1,1,1,1FMDK061X5GA,999,0,999,73,1,1,F,2,1
2404684,1,1,1,1FMDK061X5GA,999,1,64,1,1,1,F,2,1
2404684,1,1,1,1FMDK061X5GA,999,1,64,73,1,1,F,2,1
2404684,1,1,1,1FMDK061X5GA,999,1,999,1,1,1,F,2,1
2404684,1,1,1,1FMDK061X5GA,999,1,999,73,1,1,F,2,1
2404684,1,1,1,1FMDK061X5GA,999,0,64,1,1,1,F,2,1
2404684,1,1,1,1FMDK061X5GA,999,0,64,73,1,1,F,2,1
2404684,1,1,1,1FMDK061X5GA,999,0,999,1,1,1,F,2,1
2404684,1,1,1,1FMDK061X5GA,999,0,999,73,1,1,F,2,1
2404684,1,1,1,CCS336J16063,999,1,64,1,1,1,F,2,1
2404684,1,1,1,CCS336J16063,999,1,64,73,1,1,F,2,1
2404684,1,1,1,CCS336J16063,999,1,999,1,1,1,F,2,1
2404684,1,1,1,CCS336J16063,999,1,999,73,1,1,F,2,1
2404684,1,1,1,CCS336J16063,999,0,64,1,1,1,F,2,1
2404684,1,1,1,CCS336J16063,999,0,64,73,1,1,F,2,1
2404684,1,1,1,CCS336J16063,999,0,999,1,1,1,F,2,1
2404684,1,1,1,CCS336J16063,999,0,999,73,1,1,F,2,1
2404684,1,1,1,CCS336J16063,999,1,64,1,1,1,F,2,1
2404684,1,1,1,CCS336J16063,999,1,64,73,1,1,F,2,1
2404684,1,1,1,CCS336J16063,999,1,999,1,1,1,F,2,1
2404684,1,1,1,CCS336J16063,999,1,999,73,1,1,F,2,1
2404684,1,1,1,CCS336J16063,999,0,64,1,1,1,F,2,1
2404684,1,1,1,CCS336J16063,999,0,64,73,1,1,F,2,1
2404684,1,1,1,CCS336J16063,999,0,999,1,1,1,F,2,1
2404684,1,1,1,CCS336J16063,999,0,999,73,1,1,F,2,1
2404693,1,8,1,1LNHM81WX4Y6,35,1,72,1,1,0,L,2,1
2404715,1,1,1,2GNALBEK8D63,19,1,48,2,1,0,F,2,1
2404718,1,1,1,5N1AT2MV5HC8,17,1,40,1,1,0,F,2,1
2404719,1,1,1,3N1CN7AP7HL8,999,1,72,1,1,1,F,1,1
2404745,1,1,1,2C3CDXHG5LH1,999,1,113,1,1,0,F,1,1
2404750,1,1,1,5XXGT4L35GG0,999,1,105,1,1,0,F,2,1
2404758,1,1,1,1FADP3F29HL2,999,1,97,1,1,1,F,2,1
2404762,1,1,1,1GNET16S1462,999,2,113,2,1,0,L,2,1
2404770,1,1,1,WBA2J5C09L7D,999,1,40,1,1,1,F,1,1
2404787,1,1,2,W1N0G8EBXNG1,999,1,72,2,1,1,F,1,1
2404805,1,1,1,4T1B11HKXJU0,999,2,80,1,1,0,T,1,1
2404812,1,1,1,JTHBA1D25H50,999,1,48,1,1,0,F,1,1
2404857,1,1,1,5XYP24HC9LG0,42,1,89,2,1,0,F,1,1
2404863,1,1,1,JN8AZ08W37W6,999,1,40,1,1,0,F,2,1
2404879,1,1,1,W1WV0FEY3P42,999,1,113,4,1,1,N,0,2
2404885,1,1,1,KL77LHE2XRC0,999,1,89,2,1,1,L,1,1
2404918,1,1,8,1FTFX1ET0DFC,999,1,40,3,2,1,F,2,1
2404920,1,1,1,2C4RC1EG6JR1,999,1,40,4,1,1,L,1,1
2404926,1,1,1,5GAKRCKD6FJ3,999,1,89,2,1,0,F,1,1
2404957,1,1,1,5YMTS0C00M9F,999,1,56,2,2,2,F,1,1
2404962,2,1,1,3GNCJNSB8KL2,999,1,89,2,1,1,L,1,1
2404964,1,1,1,1N6AD0EV4KN7,38,1,40,3,1,1,F,1,1
2404964,1,1,1,1N6AD0EV4KN7,38,1,40,1,1,1,F,1,1
2404964,1,1,1,1N6AD0EV4KN7,38,1,999,3,1,1,F,1,1
2404964,1,1,1,1N6AD0EV4KN7,38,1,999,1,1,1,F,1,1
2404964,1,1,1,1N6AD0EV4KN7,38,0,40,3,1,1,F,1,1
2404964,1,1,1,1N6AD0EV4KN7,38,0,40,1,1,1,F,1,1
2404964,1,1,1,1N6AD0EV4KN7,38,0,999,3,1,1,F,1,1
2404964,1,1,1,1N6AD0EV4KN7,38,0,999,1,1,1,F,1,1
2404964,1,1,1,1N6AD0EV4KN7,999,1,40,3,1,1,F,1,1
2404964,1,1,1,1N6AD0EV4KN7,999,1,40,1,1,1,F,1,1
2404964,1,1,1,1N6AD0EV4KN7,999,1,999,3,1,1,F,1,1
2404964,1,1,1,1N6AD0EV4KN7,999,1,999,1,1,1,F,1,1
2404964,1,1,1,1N6AD0EV4KN7,999,0,40,3,1,1,F,1,1
2404964,1,1,1,1N6AD0EV4KN7,999,0,40,1,1,1,F,1,1
2404964,1,1,1,1N6AD0EV4KN7,999,0,999,3,1,1,F,1,1
2404964,1,1,1,1N6AD0EV4KN7,999,0,999,1,1,1,F,1,1
2404964,1,1,1,4T1BD1FK8FU1,38,1,40,3,1,1,F,1,1
2404964,1,1,1,4T1BD1FK8FU1,38,1,40,1,1,1,F,1,1
2404964,1,1,1,4T1BD1FK8FU1,38,1,999,3,1,1,F,1,1
2404964,1,1,1,4T1BD1FK8FU1,38,1,999,1,1,1,F,1,1
2404964,1,1,1,4T1BD1FK8FU1,38,0,40,3,1,1,F,1,1
2404964,1,1,1,4T1BD1FK8FU1,38,0,40,1,1,1,F,1,1
2404964,1,1,1,4T1BD1FK8FU1,38,0,999,3,1,1,F,1,1
2404964,1,1,1,4T1BD1FK8FU1,38,0,999,1,1,1,F,1,1
2404964,1,1,1,4T1BD1FK8FU1,999,1,40,3,1,1,F,1,1
2404964,1,1,1,4T1BD1FK8FU1,999,1,40,1,1,1,F,1,1
2404964,1,1,1,4T1BD1FK8FU1,999,1,999,3,1,1,F,1,1
2404964,1,1,1,4T1BD1FK8FU1,999,1,999,1,1,1,F,1,1
2404964,1,1,1,4T1BD1FK8FU1,999,0,40,3,1,1,F,1,1
2404964,1,1,1,4T1BD1FK8FU1,999,0,40,1,1,1,F,1,1
2404964,1,1,1,4T1BD1FK8FU1,999,0,999,3,1,1,F,1,1
2404964,1,1,1,4T1BD1FK8FU1,999,0,999,1,1,1,F,1,1
2404965,1,2,2,3N1CN7AP2HL8,999,1,64,1,2,2,F,1,1
2404971,1,1,1,2C3CDXAG3JH2,999,1,113,1,1,1,F,2,1
2404986,1,1,1,1N4BL4DVXRN3,37,1,40,1,1,1,F,1,1
2404995,1,1,1,JTDKB20U1770,999,1,89,1,1,1,F,2,1
2404995,11,1,1,JTDKB20U1770,999,1,89,1,1,1,F,2,1
2405016,1,1,1,1N4BL11D45N4,999,2,56,1,2,2,T,2,1
2405021,1,1,1,1GNSKTKL7NR3,64,1,64,2,1,1,F,1,1
2405030,1,1,1,3N1CP5CU7KL5,999,1,105,1,1,1,F,1,1
2405044,1,1,1,2T3P1RFV9PC3,999,1,129,2,1,0,F,1,1
2405045,1,2,2,JTDKN3DU4F20,38,1,121,1,1,1,F,1,1
2405059,4,1,1,1GTUUEE89RZ3,999,2,89,3,1,0,T,1,1
2405075,1,5,1,2T3G1RFV5NW3,999,1,72,2,1,1,F,2,1
2405077,1,1,1,3N1CN8DV2ML8,999,1,40,1,1,1,F,1,1
2405102,1,1,1,5XYZWDLA5GG3,999,1,89,2,1,0,F,1,1
2405132,4,1,1,1GT12UEY0HF2,15,1,56,3,1,0,F,2,1
2405132,4,1,1,1GT12UEY0HF2,15,1,56,2,1,0,F,2,1
2405132,4,1,1,1GT12UEY0HF2,15,1,999,3,1,0,F,2,1
2405132,4,1,1,1GT12UEY0HF2,15,1,999,2,1,0,F,2,1
2405132,4,1,1,1GT12UEY0HF2,15,0,56,3,1,0,F,2,1
2405132,4,1,1,1GT12UEY0HF2,15,0,56,2,1,0,F,2,1
2405132,4,1,1,1GT12UEY0HF2,15,0,999,3,1,0,F,2,1
2405132,4,1,1,1GT12UEY0HF2,15,0,999,2,1,0,F,2,1
2405132,4,1,1,1GT12UEY0HF2,999,1,56,3,1,0,F,2,1
2405132,4,1,1,1GT12UEY0HF2,999,1,56,2,1,0,F,2,1
2405132,4,1,1,1GT12UEY0HF2,999,1,999,3,1,0,F,2,1
2405132,4,1,1,1GT12UEY0HF2,999,1,999,2,1,0,F,2,1
2405132,4,1,1,1GT12UEY0HF2,999,0,56,3,1,0,F,2,1
2405132,4,1,1,1GT12UEY0HF2,999,0,56,2,1,0,F,2,1
2405132,4,1,1,1GT12UEY0HF2,999,0,999,3,1,0,F,2,1
2405132,4,1,1,1GT12UEY0HF2,999,0,999,2,1,0,F,2,1
2405132,4,1,1,JF2GTAEC1P82,15,1,56,3,1,0,F,2,1
2405132,4,1,1,JF2GTAEC1P82,15,1,56,2,1,0,F,2,1
2405132,4,1,1,JF2GTAEC1P82,15,1,999,3,1,0,F,2,1
2405132,4,1,1,JF2GTAEC1P82,15,1,999,2,1,0,F,2,1
2405132,4,1,1,JF2GTAEC1P82,15,0,56,3,1,0,F,2,1
2405132,4,1,1,JF2GTAEC1P82,15,0,56,2,1,0,F,2,1
2405132,4,1,1,JF2GTAEC1P82,15,0,999,3,1,0,F,2,1
2405132,4,1,1,JF2GTAEC1P82,15,0,999,2,1,0,F,2,1
2405132,4,1,1,JF2GTAEC1P82,999,1,56,3,1,0,F,2,1
2405132,4,1,1,JF2GTAEC1P82,999,1,56,2,1,0,F,2,1
2405132,4,1,1,JF2GTAEC1P82,999,1,999,3,1,0,F,2,1
2405132,4,1,1,JF2GTAEC1P82,999,1,999,2,1,0,F,2,1
2405132,4,1,1,JF2GTAEC1P82,999,0,56,3,1,0,F,2,1
2405132,4,1,1,JF2GTAEC1P82,999,0,56,2,1,0,F,2,1
2405132,4,1,1,JF2GTAEC1P82,999,0,999,3,1,0,F,2,1
2405132,4,1,1,JF2GTAEC1P82,999,0,999,2,1,0,F,2,1
2405147,1,1,1,JT8BD68S7X00,999,2,129,1,1,1,T,2,1
2405148,1,1,1,KL77LFE26RC0,999,1,113,2,1,1,F,1,1
2405150,1,1,1,2C3CDZAG1GH3,87,1,113,1,1,1,F,1,1
2405170,1,1,1,KMHLL4AGXPU5,999,1,113,1,1,1,F,2,1
2405184,1,1,1,2HNYD28368H5,999,1,129,2,1,1,F,2,1
2405203,1,1,1,5N1AT2MV6FC8,999,1,56,1,3,3,F,2,1
2405203,1,1,1,5N1AT2MV6FC8,999,1,56,3,3,3,F,2,1
2405203,1,1,1,5N1AT2MV6FC8,999,1,999,1,3,3,F,2,1
2405203,1,1,1,5N1AT2MV6FC8,999,1,999,3,3,3,F,2,1
2405203,1,1,1,5N1AT2MV6FC8,999,0,56,1,3,3,F,2,1
2405203,1,1,1,5N1AT2MV6FC8,999,0,56,3,3,3,F,2,1
2405203,1,1,1,5N1AT2MV6FC8,999,0,999,1,3,3,F,2,1
2405203,1,1,1,5N1AT2MV6FC8,999,0,999,3,3,3,F,2,1
2405203,1,1,1,5N1AT2MV6FC8,999,1,56,1,3,3,F,2,1
2405203,1,1,1,5N1AT2MV6FC8,999,1,56,3,3,3,F,2,1
2405203,1,1,1,5N1AT2MV6FC8,999,1,999,1,3,3,F,2,1
2405203,1,1,1,5N1AT2MV6FC8,999,1,999,3,3,3,F,2,1
2405203,1,1,1,5N1AT2MV6FC8,999,0,56,1,3,3,F,2,1
2405203,1,1,1,5N1AT2MV6FC8,999,0,56,3,3,3,F,2,1
2405203,1,1,1,5N1AT2MV6FC8,999,0,999,1,3,3,F,2,1
2405203,1,1,1,5N1AT2MV6FC8,999,0,999,3,3,3,F,2,1
2405203,1,1,1,1GTEK14V84E3,999,1,56,1,3,3,F,2,1
2405203,1,1,1,1GTEK14V84E3,999,1,56,3,3,3,F,2,1
2405203,1,1,1,1GTEK14V84E3,999,1,999,1,3,3,F,2,1
2405203,1,1,1,1GTEK14V84E3,999,1,999,3,3,3,F,2,1
2405203,1,1,1,1GTEK14V84E3,999,0,56,1,3,3,F,2,1
2405203,1,1,1,1GTEK14V84E3,999,0,56,3,3,3,F,2,1
2405203,1,1,1,1GTEK14V84E3,999,0,999,1,3,3,F,2,1
2405203,1,1,1,1GTEK14V84E3,999,0,999,3,3,3,F,2,1
2405203,1,1,1,1GTEK14V84E3,999,1,56,1,3,3,F,2,1
2405203,1,1,1,1GTEK14V84E3,999,1,56,3,3,3,F,2,1
2405203,1,1,1,1GTEK14V84E3,999,1,999,1,3,3,F,2,1
2405203,1,1,1,1GTEK14V84E3,999,1,999,3,3,3,F,2,1
2405203,1,1,1,1GTEK14V84E3,999,0,56,1,3,3,F,2,1
2405203,1,1,1,1GTEK14V84E3,999,0,56,3,3,3,F,2,1
2405203,1,1,1,1GTEK14V84E3,999,0,999,1,3,3,F,2,1
2405203,1,1,1,1GTEK14V84E3,999,0,999,3,3,3,F,2,1
2405212,1,1,1,1HGCV1F32MA1,35,1,40,1,1,1,F,1,1
2405226,1,1,1,1HGCY1F39RA0,999,1,64,1,1,0,F,1,1
2405246,1,1,1,1G4HR52K1WH5,32,1,56,1,1,1,F,1,1
2405246,1,1,1,1G4HR52K1WH5,32,1,56,3,1,1,F,1,1
2405246,1,1,1,1G4HR52K1WH5,32,1,999,1,1,1,F,1,1
2405246,1,1,1,1G4HR52K1WH5,32,1,999,3,1,1,F,1,1
2405246,1,1,1,1G4HR52K1WH5,32,0,56,1,1,1,F,1,1
2405246,1,1,1,1G4HR52K1WH5,32,0,56,3,1,1,F,1,1
2405246,1,1,1,1G4HR52K1WH5,32,0,999,1,1,1,F,1,1
2405246,1,1,1,1G4HR52K1WH5,32,0,999,3,1,1,F,1,1
2405246,1,1,1,1G4HR52K1WH5,999,1,56,1,1,1,F,1,1
2405246,1,1,1,1G4HR52K1WH5,999,1,56,3,1,1,F,1,1
2405246,1,1,1,1G4HR52K1WH5,999,1,999,1,1,1,F,1,1
2405246,1,1,1,1G4HR52K1WH5,999,1,999,3,1,1,F,1,1
2405246,1,1,1,1G4HR52K1WH5,999,0,56,1,1,1,F,1,1
2405246,1,1,1,1G4HR52K1WH5,999,0,56,3,1,1,F,1,1
2405246,1,1,1,1G4HR52K1WH5,999,0,999,1,1,1,F,1,1
2405246,1,1,1,1G4HR52K1WH5,999,0,999,3,1,1,F,1,1
2405246,1,1,1,2GCEC19V1212,32,1,56,1,1,1,F,1,1
2405246,1,1,1,2GCEC19V1212,32,1,56,3,1,1,F,1,1
2405246,1,1,1,2GCEC19V1212,32,1,999,1,1,1,F,1,1
2405246,1,1,1,2GCEC19V1212,32,1,999,3,1,1,F,1,1
2405246,1,1,1,2GCEC19V1212,32,0,56,1,1,1,F,1,1
2405246,1,1,1,2GCEC19V1212,32,0,56,3,1,1,F,1,1
2405246,1,1,1,2GCEC19V1212,32,0,999,1,1,1,F,1,1
2405246,1,1,1,2GCEC19V1212,32,0,999,3,1,1,F,1,1
2405246,1,1,1,2GCEC19V1212,999,1,56,1,1,1,F,1,1
2405246,1,1,1,2GCEC19V1212,999,1,56,3,1,1,F,1,1
2405246,1,1,1,2GCEC19V1212,999,1,999,1,1,1,F,1,1
2405246,1,1,1,2GCEC19V1212,999,1,999,3,1,1,F,1,1
2405246,1,1,1,2GCEC19V1212,999,0,56,1,1,1,F,1,1
2405246,1,1,1,2GCEC19V1212,999,0,56,3,1,1,F,1,1
2405246,1,1,1,2GCEC19V1212,999,0,999,1,1,1,F,1,1
2405246,1,1,1,2GCEC19V1212,999,0,999,3,1,1,F,1,1
2405248,1,1,1,2HGES26764H6,999,1,89,1,3,0,F,0,1
2405265,1,8,2,3VV3B7AX5PM0,999,1,48,2,1,1,F,1,1
2405272,1,1,1,2GKFLWEK5F61,999,1,89,2,1,1,F,2,1
2405273,1,1,1,SALCR2BG8HH6,999,1,56,2,1,1,F,2,1
2405277,1,1,1,5XYPGDA39GG0,999,1,64,2,1,1,F,1,1
2405292,1,1,1,W1N4N4HB1NJ3,999,1,105,2,1,1,F,1,1
2405298,1,1,1,1ZVBP8AM6B51,76,1,56,1,1,1,F,1,1
2405308,1,1,1,3TMLU4EN8FM1,19,1,48,3,2,2,F,1,1
2405310,1,1,1,5XYRL4LC4MG0,999,1,113,2,2,2,F,2,1
2405311,1,2,2,5TDGZRBH7NS5,999,1,113,2,5,2,F,2,1
2405331,1,1,1,5J6YH28563L0,999,1,89,2,3,2,F,1,1
2405363,1,1,1,KMTG64LA5LU0,999,1,113,1,1,1,F,2,1
2405368,1,1,1,2T3RFREV1DW1,999,1,129,2,1,1,F,2,1
2405377,1,1,1,1N4AL3AP1FN3,999,1,89,1,1,1,F,2,1
2405379,1,1,1,WBS83CH0XNCK,999,2,89,1,1,1,T,1,1
2405385,1,2,2,2GTFC29K3K15,999,2,72,3,1,0,T,0,1
2405396,1,1,1,5J6RE4H7XBL0,999,1,89,2,1,0,F,0,1
2405398,1,1,2,SHHFK7H91LU4,999,1,89,1,1,1,F,2,1
2405400,1,1,1,WMWXP7C5XF2A,999,1,129,1,1,1,U,2,1
2405402,1,1,1,1GYKNDR44PZ1,999,1,105,2,3,3,F,2,1
2405417,1,8,1,1FM5K8AB8MGA,999,1,72,2,1,0,F,2,1
2405419,1,8,1,1N4AL3AP5HC2,999,1,89,1,1,1,F,2,1
2405453,1,1,1,1FTMF1CM3EKF,999,1,89,3,1,1,F,2,1
2405455,1,8,2,5TEUU42N39Z6,999,1,56,3,1,1,F,1,1
2405462,1,1,1,5NMS53AA5LH2,999,1,97,2,2,2,F,2,1
2405463,1,1,1,1FMCU9GD6JUA,999,1,48,2,1,1,F,2,1
2405464,1,1,1,2T3P1RFV1MW2,999,1,89,2,2,1,F,1,1
2405469,1,2,2,1GCFC24K4PE1,999,1,89,3,1,0,R,0,1
2405471,1,1,1,3FA6P0HD1LR1,999,1,89,1,1,1,F,2,1
2405477,1,1,1,5TDGBRCH0LS5,999,1,72,2,1,1,F,2,1
2405480,1,1,1,2GCEK19T8313,999,1,40,3,1,0,F,2,1
2405493,1,1,1,4T1BF1FK7HU4,999,1,48,1,1,1,F,1,1
2405502,1,1,1,7FARW2H85KE0,999,1,113,2,1,0,F,2,1
2405510,1,1,1,3N1AB7AP2JY2,999,1,113,1,1,1,F,1,1
2405543,1,5,2,1N4AL3AP9HC2,999,1,89,1,1,1,F,2,1
2405544,1,1,1,3N1AB8DV0LY2,999,1,89,1,1,1,F,1,1
2405550,1,1,1,5NPD74LF7JH2,999,1,40,1,1,0,F,1,1
2405550,1,1,1,5NPD74LF7JH2,999,1,40,62,1,0,F,1,1
2405550,1,1,1,5NPD74LF7JH2,999,1,999,1,1,0,F,1,1
2405550,1,1,1,5NPD74LF7JH2,999,1,999,62,1,0,F,1,1
2405550,1,1,1,5NPD74LF7JH2,999,0,40,1,1,0,F,1,1
2405550,1,1,1,5NPD74LF7JH2,999,0,40,62,1,0,F,1,1
2405550,1,1,1,5NPD74LF7JH2,999,0,999,1,1,0,F,1,1
2405550,1,1,1,5NPD74LF7JH2,999,0,999,62,1,0,F,1,1
2405550,1,1,1,5NPD74LF7JH2,999,1,40,1,1,0,F,1,1
2405550,1,1,1,5NPD74LF7JH2,999,1,40,62,1,0,F,1,1
2405550,1,1,1,5NPD74LF7JH2,999,1,999,1,1,0,F,1,1
2405550,1,1,1,5NPD74LF7JH2,999,1,999,62,1,0,F,1,1
2405550,1,1,1,5NPD74LF7JH2,999,0,40,1,1,0,F,1,1
2405550,1,1,1,5NPD74LF7JH2,999,0,40,62,1,0,F,1,1
2405550,1,1,1,5NPD74LF7JH2,999,0,999,1,1,0,F,1,1
2405550,1,1,1,5NPD74LF7JH2,999,0,999,62,1,0,F,1,1
2405550,1,1,1,1GDJ7H1P9SJ5,999,1,40,1,1,0,F,1,1
2405550,1,1,1,1GDJ7H1P9SJ5,999,1,40,62,1,0,F,1,1
2405550,1,1,1,1GDJ7H1P9SJ5,999,1,999,1,1,0,F,1,1
2405550,1,1,1,1GDJ7H1P9SJ5,999,1,999,62,1,0,F,1,1
2405550,1,1,1,1GDJ7H1P9SJ5,999,0,40,1,1,0,F,1,1
2405550,1,1,1,1GDJ7H1P9SJ5,999,0,40,62,1,0,F,1,1
2405550,1,1,1,1GDJ7H1P9SJ5,999,0,999,1,1,0,F,1,1
2405550,1,1,1,1GDJ7H1P9SJ5,999,0,999,62,1,0,F,1,1
2405550,1,1,1,1GDJ7H1P9SJ5,999,1,40,1,1,0,F,1,1
2405550,1,1,1,1GDJ7H1P9SJ5,999,1,40,62,1,0,F,1,1
2405550,1,1,1,1GDJ7H1P9SJ5,999,1,999,1,1,0,F,1,1
2405550,1,1,1,1GDJ7H1P9SJ5,999,1,999,62,1,0,F,1,1
2405550,1,1,1,1GDJ7H1P9SJ5,999,0,40,1,1,0,F,1,1
2405550,1,1,1,1GDJ7H1P9SJ5,999,0,40,62,1,0,F,1,1
2405550,1,1,1,1GDJ7H1P9SJ5,999,0,999,1,1,0,F,1,1
2405550,1,1,1,1GDJ7H1P9SJ5,999,0,999,62,1,0,F,1,1
2405556,1,1,1,2GCVKPEC3K11,999,1,89,3,1,1,F,1,1
2405581,1,1,1,19XFB2F53FE2,999,1,113,1,1,1,F,1,1
2405582,1,1,1,JF2GTHSC1PH3,999,1,89,2,1,1,F,1,1
2405613,1,8,1,1FM5K8D87GGA,999,1,80,2,1,1,F,1,1
2405618,1,1,1,4S4BTACC2R31,999,1,89,2,1,1,F,1,1
2405619,1,1,1,1FTYR14U51TA,999,1,89,3,2,0,F,2,1
2405623,1,1,1,5NPLS4AG5NH0,999,1,56,1,1,1,F,1,1
2405627,1,1,1,4JGFD6BB3PA8,999,1,97,2,4,4,F,1,1
2405630,1,8,2,3FA6P0G73LR1,25,1,48,1,1,1,F,1,1
2405639,1,2,2,2HNYD18282H5,999,1,80,2,1,0,F,1,1
2405643,1,1,1,1HGCM66595A0,29,1,72,1,2,2,F,1,1
2405661,1,8,1,2T3A1RFV6PC3,999,1,999,2,2,0,F,2,1
2405668,1,1,1,1GCCS19W8282,999,1,56,3,1,0,F,1,1
2405669,1,2,2,1FTFW1E53PFB,999,1,56,3,1,1,F,1,1
2405672,1,1,1,3GCUKSECXFG3,999,1,48,3,1,1,F,1,1
2405673,1,1,1,JTHBF5C2XA51,999,1,113,1,3,3,F,1,1
2405689,1,1,1,1G6AA5RA4G01,16,1,40,1,1,0,F,2,1
2405692,1,1,1,4T1G11AK7LU3,999,1,56,1,1,1,B,2,1
2405695,1,1,1,5TDJKRFH9FS2,999,1,113,2,1,1,F,1,1
2405699,1,1,1,1FTYE1C88LKA,999,1,48,4,1,1,F,1,1
2405702,1,1,1,3C4NJDFN3RT1,999,1,72,1,1,1,F,2,1
2405707,1,2,2,1C6RR7GT0LS1,999,1,89,3,1,1,F,2,1
2405718,1,1,1,1C4NJRBB2ED7,999,1,89,2,1,1,F,1,1
2405754,11,1,1,5YJ3E1EA9PF6,48,1,56,1,1,0,F,1,1
2405780,1,1,1,JTDKN3DU7F18,999,1,105,1,2,2,F,1,1
2405798,1,8,2,1FA6P8TH2J51,999,1,56,1,1,1,F,1,1
2405808,1,2,2,WBANU53568CT,999,1,40,1,1,0,F,0,1
2405808,1,2,2,WBANU53568CT,999,1,40,2,1,0,F,0,1
2405808,1,2,2,WBANU53568CT,999,1,999,1,1,0,F,0,1
2405808,1,2,2,WBANU53568CT,999,1,999,2,1,0,F,0,1
2405808,1,2,2,WBANU53568CT,999,0,40,1,1,0,F,0,1
2405808,1,2,2,WBANU53568CT,999,0,40,2,1,0,F,0,1
2405808,1,2,2,WBANU53568CT,999,0,999,1,1,0,F,0,1
2405808,1,2,2,WBANU53568CT,999,0,999,2,1,0,F,0,1
2405808,1,2,2,WBANU53568CT,999,1,40,1,1,0,F,0,1
2405808,1,2,2,WBANU53568CT,999,1,40,2,1,0,F,0,1
2405808,1,2,2,WBANU53568CT,999,1,999,1,1,0,F,0,1
2405808,1,2,2,WBANU53568CT,999,1,999,2,1,0,F,0,1
2405808,1,2,2,WBANU53568CT,999,0,40,1,1,0,F,0,1
2405808,1,2,2,WBANU53568CT,999,0,40,2,1,0,F,0,1
2405808,1,2,2,WBANU53568CT,999,0,999,1,1,0,F,0,1
2405808,1,2,2,WBANU53568CT,999,0,999,2,1,0,F,0,1
2405808,1,2,2,JTEBU5JR2L57,999,1,40,1,1,0,F,0,1
2405808,1,2,2,JTEBU5JR2L57,999,1,40,2,1,0,F,0,1
2405808,1,2,2,JTEBU5JR2L57,999,1,999,1,1,0,F,0,1
2405808,1,2,2,JTEBU5JR2L57,999,1,999,2,1,0,F,0,1
2405808,1,2,2,JTEBU5JR2L57,999,0,40,1,1,0,F,0,1
2405808,1,2,2,JTEBU5JR2L57,999,0,40,2,1,0,F,0,1
2405808,1,2,2,JTEBU5JR2L57,999,0,999,1,1,0,F,0,1
2405808,1,2,2,JTEBU5JR2L57,999,0,999,2,1,0,F,0,1
2405808,1,2,2,JTEBU5JR2L57,999,1,40,1,1,0,F,0,1
2405808,1,2,2,JTEBU5JR2L57,999,1,40,2,1,0,F,0,1
2405808,1,2,2,JTEBU5JR2L57,999,1,999,1,1,0,F,0,1
2405808,1,2,2,JTEBU5JR2L57,999,1,999,2,1,0,F,0,1
2405808,1,2,2,JTEBU5JR2L57,999,0,40,1,1,0,F,0,1
2405808,1,2,2,JTEBU5JR2L57,999,0,40,2,1,0,F,0,1
2405808,1,2,2,JTEBU5JR2L57,999,0,999,1,1,0,F,0,1
2405808,1,2,2,JTEBU5JR2L57,999,0,999,2,1,0,F,0,1
2405811,1,1,1,1GCEK19T02Z2,35,1,999,3,1,0,F,1,1
2405813,1,1,1,JF2SHAEC2DH4,999,1,72,2,1,1,F,2,1
2405815,1,1,1,1C4RDJDG6RC2,14,1,105,2,1,0,F,2,1
2405824,1,1,1,JF2SKAGC2KH5,999,1,72,2,1,1,F,1,1
2405826,1,1,1,JM3KFBCL5R04,999,1,89,2,1,1,F,2,1
2405827,2,1,1,3GCUKSEC0EG5,999,1,113,3,2,1,F,1,1
2405838,1,1,1,JF1VBAA6XP98,999,1,89,1,1,1,F,1,1
2405841,2,1,1,3GTU2VEC5EG4,999,1,105,3,1,0,F,2,1
2405850,1,8,1,3VV2B7AX5MM1,999,1,113,2,1,1,F,1,1
2405877,1,8,1,5NMJECDE6RH3,999,1,48,2,2,2,F,2,1
2405878,1,4,2,JM1BPAKM6R17,999,1,48,1,1,1,F,2,1
2405878,1,4,2,JM1BPAKM6R17,999,1,48,1,1,1,F,2,1
2405878,1,4,2,JM1BPAKM6R17,999,1,999,1,1,1,F,2,1
2405878,1,4,2,JM1BPAKM6R17,999,1,999,1,1,1,F,2,1
2405878,1,4,2,JM1BPAKM6R17,999,0,48,1,1,1,F,2,1
2405878,1,4,2,JM1BPAKM6R17,999,0,48,1,1,1,F,2,1
2405878,1,4,2,JM1BPAKM6R17,999,0,999,1,1,1,F,2,1
2405878,1,4,2,JM1BPAKM6R17,999,0,999,1,1,1,F,2,1
2405878,1,4,2,JM1BPAKM6R17,999,1,48,1,1,1,F,2,1
2405878,1,4,2,JM1BPAKM6R17,999,1,48,1,1,1,F,2,1
2405878,1,4,2,JM1BPAKM6R17,999,1,999,1,1,1,F,2,1
2405878,1,4,2,JM1BPAKM6R17,999,1,999,1,1,1,F,2,1
2405878,1,4,2,JM1BPAKM6R17,999,0,48,1,1,1,F,2,1
2405878,1,4,2,JM1BPAKM6R17,999,0,48,1,1,1,F,2,1
2405878,1,4,2,JM1BPAKM6R17,999,0,999,1,1,1,F,2,1
2405878,1,4,2,JM1BPAKM6R17,999,0,999,1,1,1,F,2,1
2405878,1,4,2,2B3KA43R37H7,999,1,48,1,1,1,F,2,1
2405878,1,4,2,2B3KA43R37H7,999,1,48,1,1,1,F,2,1
2405878,1,4,2,2B3KA43R37H7,999,1,999,1,1,1,F,2,1
2405878,1,4,2,2B3KA43R37H7,999,1,999,1,1,1,F,2,1
2405878,1,4,2,2B3KA43R37H7,999,0,48,1,1,1,F,2,1
2405878,1,4,2,2B3KA43R37H7,999,0,48,1,1,1,F,2,1
2405878,1,4,2,2B3KA43R37H7,999,0,999,1,1,1,F,2,1
2405878,1,4,2,2B3KA43R37H7,999,0,999,1,1,1,F,2,1
2405878,1,4,2,2B3KA43R37H7,999,1,48,1,1,1,F,2,1
2405878,1,4,2,2B3KA43R37H7,999,1,48,1,1,1,F,2,1
2405878,1,4,2,2B3KA43R37H7,999,1,999,1,1,1,F,2,1
2405878,1,4,2,2B3KA43R37H7,999,1,999,1,1,1,F,2,1
2405878,1,4,2,2B3KA43R37H7,999,0,48,1,1,1,F,2,1
2405878,1,4,2,2B3KA43R37H7,999,0,48,1,1,1,F,2,1
2405878,1,4,2,2B3KA43R37H7,999,0,999,1,1,1,F,2,1
2405878,1,4,2,2B3KA43R37H7,999,0,999,1,1,1,F,2,1
2405889,1,8,1,5XYPG4A36HG2,999,1,56,2,1,1,F,1,1
2405891,1,5,1,3FA6P0LU2KR1,999,1,48,1,1,1,F,2,1
2405891,11,5,1,3FA6P0LU2KR1,999,1,48,1,1,1,F,2,1
2405908,1,1,1,1FMJU1HT5HEA,999,1,105,2,3,3,F,1,1
2405928,1,1,1,2T1BURHE5EC0,999,2,129,1,2,2,T,2,1
2405939,1,1,1,3GNAXJEVXJS5,999,1,56,2,1,1,F,2,1
2405970,1,1,1,JTKJF5C71C30,999,1,105,1,2,0,F,1,1
2405979,1,4,3,JF2SKADC8MH4,999,2,72,2,1,0,R,1,1
2405986,1,2,2,5UX23EM09R9U,999,1,48,2,2,2,F,1,1
2405989,1,1,1,3GNKBHR4XRS1,999,1,89,2,1,1,F,1,1
2406000,1,2,2,2G1FB1E35E91,999,1,64,1,1,0,F,1,1
2406025,1,4,3,1C3CCCABXFN5,999,1,72,1,1,1,F,2,1
2406026,1,8,2,2FMPK4J99RBB,999,1,40,2,1,1,F,1,1
2406043,1,1,1,3VV5X7B29RM0,74,1,56,2,1,1,F,1,1
2406047,1,1,1,1GNEVGKS5RJ2,999,1,89,2,1,1,F,2,1
2406049,1,8,2,1FM5K8F89JGB,999,1,129,2,2,2,F,1,1
2406052,1,8,2,JTDKAMFU6N31,24,1,72,1,2,2,F,1,1
2406052,11,8,2,JTDKAMFU6N31,24,1,72,1,2,2,F,1,1
2406058,1,1,1,1FM5K8AB5MGC,999,1,113,2,1,0,F,2,1
2406058,1,1,1,1FM5K8AB5MGC,999,1,113,2,1,0,F,2,1
2406058,1,1,1,1FM5K8AB5MGC,999,1,999,2,1,0,F,2,1
2406058,1,1,1,1FM5K8AB5MGC,999,1,999,2,1,0,F,2,1
2406058,1,1,1,1FM5K8AB5MGC,999,0,113,2,1,0,F,2,1
2406058,1,1,1,1FM5K8AB5MGC,999,0,113,2,1,0,F,2,1
2406058,1,1,1,1FM5K8AB5MGC,999,0,999,2,1,0,F,2,1
2406058,1,1,1,1FM5K8AB5MGC,999,0,999,2,1,0,F,2,1
2406058,1,1,1,1FM5K8AB5MGC,999,1,113,2,1,0,F,2,1
2406058,1,1,1,1FM5K8AB5MGC,999,1,113,2,1,0,F,2,1
2406058,1,1,1,1FM5K8AB5MGC,999,1,999,2,1,0,F,2,1
2406058,1,1,1,1FM5K8AB5MGC,999,1,999,2,1,0,F,2,1
2406058,1,1,1,1FM5K8AB5MGC,999,0,113,2,1,0,F,2,1
2406058,1,1,1,1FM5K8AB5MGC,999,0,113,2,1,0,F,2,1
2406058,1,1,1,1FM5K8AB5MGC,999,0,999,2,1,0,F,2,1
2406058,1,1,1,1FM5K8AB5MGC,999,0,999,2,1,0,F,2,1
2406058,1,1,1,1FM5K8AR1JGC,999,1,113,2,1,0,F,2,1
2406058,1,1,1,1FM5K8AR1JGC,999,1,113,2,1,0,F,2,1
2406058,1,1,1,1FM5K8AR1JGC,999,1,999,2,1,0,F,2,1
2406058,1,1,1,1FM5K8AR1JGC,999,1,999,2,1,0,F,2,1
2406058,1,1,1,1FM5K8AR1JGC,999,0,113,2,1,0,F,2,1
2406058,1,1,1,1FM5K8AR1JGC,999,0,113,2,1,0,F,2,1
2406058,1,1,1,1FM5K8AR1JGC,999,0,999,2,1,0,F,2,1
2406058,1,1,1,1FM5K8AR1JGC,999,0,999,2,1,0,F,2,1
2406058,1,1,1,1FM5K8AR1JGC,999,1,113,2,1,0,F,2,1
2406058,1,1,1,1FM5K8AR1JGC,999,1,113,2,1,0,F,2,1
2406058,1,1,1,1FM5K8AR1JGC,999,1,999,2,1,0,F,2,1
2406058,1,1,1,1FM5K8AR1JGC,999,1,999,2,1,0,F,2,1
2406058,1,1,1,1FM5K8AR1JGC,999,0,113,2,1,0,F,2,1
2406058,1,1,1,1FM5K8AR1JGC,999,0,113,2,1,0,F,2,1
2406058,1,1,1,1FM5K8AR1JGC,999,0,999,2,1,0,F,2,1
2406058,1,1,1,1FM5K8AR1JGC,999,0,999,2,1,0,F,2,1
2406072,1,1,1,WBS3U9C59FP9,999,1,64,1,1,1,F,2,1
2406076,4,1,1,1FTSW21R48EC,999,2,72,3,2,0,T,2,1
2406078,1,8,1,NM0GE9G29M14,999,1,113,4,2,2,F,2,1
2406083,1,1,1,WA1M2AFP5HA0,999,1,113,2,2,2,F,1,1
2406093,1,8,1,WBA8E3G55GNU,999,1,40,1,1,1,R,1,1
2406093,1,8,1,WBA8E3G55GNU,999,1,40,1,1,1,R,1,1
2406093,1,8,1,WBA8E3G55GNU,999,1,999,1,1,1,R,1,1
2406093,1,8,1,WBA8E3G55GNU,999,1,999,1,1,1,R,1,1
2406093,1,8,1,WBA8E3G55GNU,999,0,40,1,1,1,R,1,1
2406093,1,8,1,WBA8E3G55GNU,999,0,40,1,1,1,R,1,1
2406093,1,8,1,WBA8E3G55GNU,999,0,999,1,1,1,R,1,1
2406093,1,8,1,WBA8E3G55GNU,999,0,999,1,1,1,R,1,1
2406093,1,8,1,WBA8E3G55GNU,999,1,40,1,1,1,R,1,1
2406093,1,8,1,WBA8E3G55GNU,999,1,40,1,1,1,R,1,1
2406093,1,8,1,WBA8E3G55GNU,999,1,999,1,1,1,R,1,1
2406093,1,8,1,WBA8E3G55GNU,999,1,999,1,1,1,R,1,1
2406093,1,8,1,WBA8E3G55GNU,999,0,40,1,1,1,R,1,1
2406093,1,8,1,WBA8E3G55GNU,999,0,40,1,1,1,R,1,1
2406093,1,8,1,WBA8E3G55GNU,999,0,999,1,1,1,R,1,1
2406093,1,8,1,WBA8E3G55GNU,999,0,999,1,1,1,R,1,1
2406093,1,8,1,1G6DG5771901,999,1,40,1,1,1,R,1,1
2406093,1,8,1,1G6DG5771901,999,1,40,1,1,1,R,1,1
2406093,1,8,1,1G6DG5771901,999,1,999,1,1,1,R,1,1
2406093,1,8,1,1G6DG5771901,999,1,999,1,1,1,R,1,1
2406093,1,8,1,1G6DG5771901,999,0,40,1,1,1,R,1,1
2406093,1,8,1,1G6DG5771901,999,0,40,1,1,1,R,1,1
2406093,1,8,1,1G6DG5771901,999,0,999,1,1,1,R,1,1
2406093,1,8,1,1G6DG5771901,999,0,999,1,1,1,R,1,1
2406093,1,8,1,1G6DG5771901,999,1,40,1,1,1,R,1,1
2406093,1,8,1,1G6DG5771901,999,1,40,1,1,1,R,1,1
2406093,1,8,1,1G6DG5771901,999,1,999,1,1,1,R,1,1
2406093,1,8,1,1G6DG5771901,999,1,999,1,1,1,R,1,1
2406093,1,8,1,1G6DG5771901,999,0,40,1,1,1,R,1,1
2406093,1,8,1,1G6DG5771901,999,0,40,1,1,1,R,1,1
2406093,1,8,1,1G6DG5771901,999,0,999,1,1,1,R,1,1
2406093,1,8,1,1G6DG5771901,999,0,999,1,1,1,R,1,1
2406102,1,8,1,WDBUF87X58B2,999,1,48,1,1,1,R,1,1
2406102,1,8,1,WDBUF87X58B2,999,1,48,2,1,1,R,1,1
2406102,1,8,1,WDBUF87X58B2,999,1,999,1,1,1,R,1,1
2406102,1,8,1,WDBUF87X58B2,999,1,999,2,1,1,R,1,1
2406102,1,8,1,WDBUF87X58B2,999,0,48,1,1,1,R,1,1
2406102,1,8,1,WDBUF87X58B2,999,0,48,2,1,1,R,1,1
2406102,1,8,1,WDBUF87X58B2,999,0,999,1,1,1,R,1,1
2406102,1,8,1,WDBUF87X58B2,999,0,999,2,1,1,R,1,1
2406102,1,8,1,WDBUF87X58B2,999,1,48,1,1,1,R,1,1
2406102,1,8,1,WDBUF87X58B2,999,1,48,2,1,1,R,1,1
2406102,1,8,1,WDBUF87X58B2,999,1,999,1,1,1,R,1,1
2406102,1,8,1,WDBUF87X58B2,999,1,999,2,1,1,R,1,1
2406102,1,8,1,WDBUF87X58B2,999,0,48,1,1,1,R,1,1
2406102,1,8,1,WDBUF87X58B2,999,0,48,2,1,1,R,1,1
2406102,1,8,1,WDBUF87X58B2,999,0,999,1,1,1,R,1,1
2406102,1,8,1,WDBUF87X58B2,999,0,999,2,1,1,R,1,1
2406102,1,8,1,1FMHK8D86CGA,999,1,48,1,1,1,R,1,1
2406102,1,8,1,1FMHK8D86CGA,999,1,48,2,1,1,R,1,1
2406102,1,8,1,1FMHK8D86CGA,999,1,999,1,1,1,R,1,1
2406102,1,8,1,1FMHK8D86CGA,999,1,999,2,1,1,R,1,1
2406102,1,8,1,1FMHK8D86CGA,999,0,48,1,1,1,R,1,1
2406102,1,8,1,1FMHK8D86CGA,999,0,48,2,1,1,R,1,1
2406102,1,8,1,1FMHK8D86CGA,999,0,999,1,1,1,R,1,1
2406102,1,8,1,1FMHK8D86CGA,999,0,999,2,1,1,R,1,1
2406102,1,8,1,1FMHK8D86CGA,999,1,48,1,1,1,R,1,1
2406102,1,8,1,1FMHK8D86CGA,999,1,48,2,1,1,R,1,1
2406102,1,8,1,1FMHK8D86CGA,999,1,999,1,1,1,R,1,1
2406102,1,8,1,1FMHK8D86CGA,999,1,999,2,1,1,R,1,1
2406102,1,8,1,1FMHK8D86CGA,999,0,48,1,1,1,R,1,1
2406102,1,8,1,1FMHK8D86CGA,999,0,48,2,1,1,R,1,1
2406102,1,8,1,1FMHK8D86CGA,999,0,999,1,1,1,R,1,1
2406102,1,8,1,1FMHK8D86CGA,999,0,999,2,1,1,R,1,1
2406116,4,8,1,1GCUYEET8MZ3,999,1,89,3,2,0,F,2,1
2406129,1,1,1,1FTEX1EBXLKF,21,1,97,3,1,1,F,1,1
2406138,1,1,1,LRBFZNR41ND0,999,1,89,2,1,1,F,1,1
2406142,1,1,1,5N1DL0MN0LC5,999,1,105,2,2,2,F,2,1
2406183,1,1,1,KNDJ33AU5R79,999,1,113,1,1,1,F,1,1
2406189,1,1,1,KL4CJESB2MB3,999,1,113,2,2,0,F,2,1
2406192,1,2,2,5NPLL4AG2PH1,81,1,105,1,1,0,F,1,1
2406197,1,1,3,KM8R3DGE5RU7,13,1,40,2,4,3,F,1,1
2406206,1,1,1,2G1FC1E3XC91,999,1,89,1,1,0,F,1,1
2406212,1,1,1,KM8JN12D77U6,29,1,24,2,3,2,F,1,1
2406225,1,8,1,5FNRL6H80NB0,999,1,89,4,3,2,F,2,1
2406226,1,5,2,7MMVABAM1RN1,999,2,40,2,1,1,L,1,1
2406232,1,1,1,1N4AA6CV2PC5,999,1,113,1,1,1,F,1,1
2406236,1,1,1,KNAE55LC7N61,999,1,48,1,1,1,R,2,1
2406240,1,2,2,1C6RREHT4KN5,73,1,89,3,2,2,F,1,1
2406242,1,2,2,4S4BP61C1873,999,2,129,1,3,2,T,2,1
2406256,1,1,1,5YFBURHE2GP5,999,1,113,1,2,2,F,2,1
2406261,1,1,1,WAUANCF5XKA0,13,1,40,1,2,0,F,1,1
2406261,1,1,1,WAUANCF5XKA0,13,1,40,3,2,0,F,1,1
2406261,1,1,1,WAUANCF5XKA0,13,1,999,1,2,0,F,1,1
2406261,1,1,1,WAUANCF5XKA0,13,1,999,3,2,0,F,1,1
2406261,1,1,1,WAUANCF5XKA0,13,0,40,1,2,0,F,1,1
2406261,1,1,1,WAUANCF5XKA0,13,0,40,3,2,0,F,1,1
2406261,1,1,1,WAUANCF5XKA0,13,0,999,1,2,0,F,1,1
2406261,1,1,1,WAUANCF5XKA0,13,0,999,3,2,0,F,1,1
2406261,1,1,1,WAUANCF5XKA0,999,1,40,1,2,0,F,1,1
2406261,1,1,1,WAUANCF5XKA0,999,1,40,3,2,0,F,1,1
2406261,1,1,1,WAUANCF5XKA0,999,1,999,1,2,0,F,1,1
2406261,1,1,1,WAUANCF5XKA0,999,1,999,3,2,0,F,1,1
2406261,1,1,1,WAUANCF5XKA0,999,0,40,1,2,0,F,1,1
2406261,1,1,1,WAUANCF5XKA0,999,0,40,3,2,0,F,1,1
2406261,1,1,1,WAUANCF5XKA0,999,0,999,1,2,0,F,1,1
2406261,1,1,1,WAUANCF5XKA0,999,0,999,3,2,0,F,1,1
2406261,1,1,1,5TFPC5DB7PX0,13,1,40,1,2,0,F,1,1
2406261,1,1,1,5TFPC5DB7PX0,13,1,40,3,2,0,F,1,1
2406261,1,1,1,5TFPC5DB7PX0,13,1,999,1,2,0,F,1,1
2406261,1,1,1,5TFPC5DB7PX0,13,1,999,3,2,0,F,1,1
2406261,1,1,1,5TFPC5DB7PX0,13,0,40,1,2,0,F,1,1
2406261,1,1,1,5TFPC5DB7PX0,13,0,40,3,2,0,F,1,1
2406261,1,1,1,5TFPC5DB7PX0,13,0,999,1,2,0,F,1,1
2406261,1,1,1,5TFPC5DB7PX0,13,0,999,3,2,0,F,1,1
2406261,1,1,1,5TFPC5DB7PX0,999,1,40,1,2,0,F,1,1
2406261,1,1,1,5TFPC5DB7PX0,999,1,40,3,2,0,F,1,1
2406261,1,1,1,5TFPC5DB7PX0,999,1,999,1,2,0,F,1,1
2406261,1,1,1,5TFPC5DB7PX0,999,1,999,3,2,0,F,1,1
2406261,1,1,1,5TFPC5DB7PX0,999,0,40,1,2,0,F,1,1
2406261,1,1,1,5TFPC5DB7PX0,999,0,40,3,2,0,F,1,1
2406261,1,1,1,5TFPC5DB7PX0,999,0,999,1,2,0,F,1,1
2406261,1,1,1,5TFPC5DB7PX0,999,0,999,3,2,0,F,1,1
2406303,1,2,2,1N4BL4BV1LC2,999,1,56,1,1,0,L,0,1
2406328,1,1,1,WDDGF4HB4EA9,25,1,89,1,1,0,F,1,1
2406350,1,1,3,JTDDR32T3Y00,37,1,89,1,1,1,L,1,1
2406372,1,1,1,5J6RW2H99HL0,999,1,40,2,1,1,R,1,1
2406380,1,4,2,3MEHM08119R6,999,1,64,1,1,0,F,2,1
2406381,1,4,3,5NPE34AF9KH8,999,1,72,1,1,1,F,1,1
